,Date,FieldID,Parcela,Value
0,2015-03-01,NI_480,ASA,2972
1,2015-03-10,NI_480,ASA,2966
2,2015-03-20,NI_480,ASA,2939
3,2015-04-01,NI_480,ASA,2920
4,2015-04-10,NI_480,ASA,2932
5,2015-04-20,NI_480,ASA,2988
6,2015-05-01,NI_480,ASA,3090
7,2015-05-10,NI_480,ASA,3255
8,2015-05-20,NI_480,ASA,3475
9,2015-06-01,NI_480,ASA,3684
10,2015-06-10,NI_480,ASA,3890
11,2015-06-20,NI_480,ASA,4138
12,2015-07-01,NI_480,ASA,4377
13,2015-07-10,NI_480,ASA,4613
14,2015-07-20,NI_480,ASA,4807
15,2015-08-01,NI_480,ASA,4956
16,2015-08-10,NI_480,ASA,5072
17,2015-08-20,NI_480,ASA,5169
18,2015-09-01,NI_480,ASA,5242
19,2015-09-10,NI_480,ASA,5304
20,2015-09-20,NI_480,ASA,5344
21,2015-10-01,NI_480,ASA,5363
22,2015-10-10,NI_480,ASA,5370
23,2015-10-20,NI_480,ASA,5374
24,2015-11-01,NI_480,ASA,5378
25,2015-11-10,NI_480,ASA,5381
26,2015-11-20,NI_480,ASA,5381
27,2015-12-01,NI_480,ASA,5366
28,2015-12-10,NI_480,ASA,5323
29,2015-12-20,NI_480,ASA,5196
30,2016-01-01,NI_480,ASA,4886
31,2016-01-10,NI_480,ASA,4553
32,2016-01-20,NI_480,ASA,4148
33,2016-02-01,NI_480,ASA,3673
34,2016-02-10,NI_480,ASA,3194
35,2016-02-20,NI_480,ASA,2840
36,2016-03-01,NI_480,ASA,2812
37,2016-03-10,NI_480,ASA,2570
38,2016-03-20,NI_480,ASA,2377
39,2016-04-01,NI_480,ASA,2324
40,2016-04-10,NI_480,ASA,2322
41,2016-04-20,NI_480,ASA,2410
42,2016-05-01,NI_480,ASA,2576
43,2016-05-10,NI_480,ASA,2908
44,2016-05-20,NI_480,ASA,3310
45,2016-06-01,NI_480,ASA,3632
46,2016-06-10,NI_480,ASA,3909
47,2016-06-20,NI_480,ASA,4137
48,2016-07-01,NI_480,ASA,4297
49,2016-07-10,NI_480,ASA,4369
50,2016-07-20,NI_480,ASA,4388
51,2016-08-01,NI_480,ASA,4365
52,2016-08-10,NI_480,ASA,4316
53,2016-08-20,NI_480,ASA,4286
54,2016-09-01,NI_480,ASA,4300
55,2016-09-10,NI_480,ASA,4353
56,2016-09-20,NI_480,ASA,4480
57,2016-10-01,NI_480,ASA,4695
58,2016-10-10,NI_480,ASA,4972
59,2016-10-20,NI_480,ASA,5312
60,2016-11-01,NI_480,ASA,5583
61,2016-11-10,NI_480,ASA,5815
62,2016-11-20,NI_480,ASA,5859
63,2016-12-01,NI_480,ASA,5788
64,2016-12-10,NI_480,ASA,5568
65,2016-12-20,NI_480,ASA,5259
66,2017-01-01,NI_480,ASA,4955
67,2017-01-10,NI_480,ASA,4651
68,2017-01-20,NI_480,ASA,4246
69,2017-02-01,NI_480,ASA,3652
70,2017-02-10,NI_480,ASA,3119
71,2017-02-20,NI_480,ASA,2796
72,2017-03-01,NI_480,ASA,2723
73,2017-03-10,NI_480,ASA,2640
74,2017-03-20,NI_480,ASA,2594
75,2017-04-01,NI_480,ASA,2611
76,2017-04-10,NI_480,ASA,2755
77,2017-04-20,NI_480,ASA,3049
78,2017-05-01,NI_480,ASA,3354
79,2017-05-10,NI_480,ASA,3795
80,2017-05-20,NI_480,ASA,4320
81,2017-06-01,NI_480,ASA,4878
82,2017-06-10,NI_480,ASA,5441
83,2017-06-20,NI_480,ASA,5826
84,2017-07-01,NI_480,ASA,6084
85,2017-07-10,NI_480,ASA,6236
86,2017-07-20,NI_480,ASA,6248
87,2017-08-01,NI_480,ASA,6096
88,2017-08-10,NI_480,ASA,5898
89,2017-08-20,NI_480,ASA,5737
90,2017-09-01,NI_480,ASA,5689
91,2017-09-10,NI_480,ASA,5684
92,2017-09-20,NI_480,ASA,5709
93,2017-10-01,NI_480,ASA,5765
94,2017-10-10,NI_480,ASA,5812
95,2017-10-20,NI_480,ASA,5847
96,2017-11-01,NI_480,ASA,5846
97,2017-11-10,NI_480,ASA,5787
98,2017-11-20,NI_480,ASA,5635
99,2017-12-01,NI_480,ASA,5370
100,2017-12-10,NI_480,ASA,5121
101,2017-12-20,NI_480,ASA,4955
102,2018-01-01,NI_480,ASA,4835
103,2018-01-10,NI_480,ASA,4714
104,2018-01-20,NI_480,ASA,4577
105,2018-02-01,NI_480,ASA,4363
106,2018-02-10,NI_480,ASA,3987
107,2018-02-20,NI_480,ASA,3461
108,2018-03-01,NI_480,ASA,2947
109,2018-03-10,NI_480,ASA,2639
110,2018-03-20,NI_480,ASA,2311
111,2018-04-01,NI_480,ASA,2107
112,2018-04-10,NI_480,ASA,2015
113,2018-04-20,NI_480,ASA,2009
114,2018-05-01,NI_480,ASA,2078
115,2018-05-10,NI_480,ASA,2241
116,2018-05-20,NI_480,ASA,2549
117,2018-06-01,NI_480,ASA,2940
118,2018-06-10,NI_480,ASA,3319
119,2018-06-20,NI_480,ASA,3582
120,2018-07-01,NI_480,ASA,3689
121,2018-07-10,NI_480,ASA,3700
122,2018-07-20,NI_480,ASA,3607
123,2018-08-01,NI_480,ASA,3470
124,2018-08-10,NI_480,ASA,3335
125,2018-08-20,NI_480,ASA,3278
126,2018-09-01,NI_480,ASA,3290
127,2018-09-10,NI_480,ASA,3430
128,2018-09-20,NI_480,ASA,3691
129,2018-10-01,NI_480,ASA,4126
130,2018-10-10,NI_480,ASA,4729
131,2018-10-20,NI_480,ASA,5335
132,2018-11-01,NI_480,ASA,5752
133,2018-11-10,NI_480,ASA,5914
134,2018-11-20,NI_480,ASA,5848
135,2018-12-01,NI_480,ASA,5608
136,2018-12-10,NI_480,ASA,5328
137,2018-12-20,NI_480,ASA,5111
138,2019-01-01,NI_480,ASA,4931
139,2019-01-10,NI_480,ASA,4749
140,2019-01-20,NI_480,ASA,4481
141,2019-02-01,NI_480,ASA,4054
142,2019-02-10,NI_480,ASA,3553
143,2019-02-20,NI_480,ASA,3180
144,2019-03-01,NI_480,ASA,2986
145,2019-03-10,NI_480,ASA,2866
146,2019-03-20,NI_480,ASA,2731
147,2019-04-01,NI_480,ASA,2608
148,2019-04-10,NI_480,ASA,2483
149,2019-04-20,NI_480,ASA,2387
150,2019-05-01,NI_480,ASA,2336
151,2019-05-10,NI_480,ASA,2351
152,2019-05-20,NI_480,ASA,2469
153,2019-06-01,NI_480,ASA,2878
154,2019-06-10,NI_480,ASA,3486
155,2019-06-20,NI_480,ASA,4153
156,2019-07-01,NI_480,ASA,4997
157,2019-07-10,NI_480,ASA,5633
158,2019-07-20,NI_480,ASA,5822
159,2019-08-01,NI_480,ASA,5722
160,2019-08-10,NI_480,ASA,5547
161,2019-08-20,NI_480,ASA,5373
162,2019-09-01,NI_480,ASA,5328
163,2019-09-10,NI_480,ASA,5340
164,2019-09-20,NI_480,ASA,5466
165,2019-10-01,NI_480,ASA,5724
166,2019-10-10,NI_480,ASA,6069
167,2019-10-20,NI_480,ASA,6424
168,2019-11-01,NI_480,ASA,6653
169,2019-11-10,NI_480,ASA,6691
170,2019-11-20,NI_480,ASA,6541
171,2019-12-01,NI_480,ASA,6228
172,2019-12-10,NI_480,ASA,5924
173,2019-12-20,NI_480,ASA,5607
174,2020-01-01,NI_480,ASA,5132
175,2020-01-10,NI_480,ASA,4500
176,2020-01-20,NI_480,ASA,3656
177,2020-02-01,NI_480,ASA,2871
178,2020-02-10,NI_480,ASA,2332
179,2020-02-20,NI_480,ASA,1990
180,2020-03-01,NI_480,ASA,1735
181,2020-03-10,NI_480,ASA,1572
182,2020-03-20,NI_480,ASA,1415
183,2020-04-01,NI_480,ASA,1377
184,2020-04-10,NI_480,ASA,1403
185,2020-04-20,NI_480,ASA,1504
186,2020-05-01,NI_480,ASA,1792
187,2020-05-10,NI_480,ASA,2235
188,2020-05-20,NI_480,ASA,2907
189,2020-06-01,NI_480,ASA,3555
190,2020-06-10,NI_480,ASA,4193
191,2020-06-20,NI_480,ASA,4917
192,2020-07-01,NI_480,ASA,5461
193,2020-07-10,NI_480,ASA,5690
194,2020-07-20,NI_480,ASA,5604
195,2020-08-01,NI_480,ASA,5309
196,2020-08-10,NI_480,ASA,4971
197,2020-08-20,NI_480,ASA,4737
198,2020-09-01,NI_480,ASA,4691
199,2020-09-10,NI_480,ASA,5041
200,2020-09-20,NI_480,ASA,5620
201,2020-10-01,NI_480,ASA,6085
202,2020-10-10,NI_480,ASA,6353
203,2020-10-20,NI_480,ASA,6331
204,2020-11-01,NI_480,ASA,6207
205,2020-11-10,NI_480,ASA,6023
206,2020-11-20,NI_480,ASA,5846
207,2020-12-01,NI_480,ASA,5667
208,2020-12-10,NI_480,ASA,5499
209,2020-12-20,NI_480,ASA,5371
210,2021-01-01,NI_480,ASA,5259
211,2021-01-10,NI_480,ASA,5140
212,2021-01-20,NI_480,ASA,5028
213,2021-02-01,NI_480,ASA,4892
214,2021-02-10,NI_480,ASA,4664
215,2021-02-20,NI_480,ASA,4375
216,2021-03-01,NI_480,ASA,4097
217,2021-03-10,NI_480,ASA,3936
218,2021-03-20,NI_480,ASA,3714
219,2021-04-01,NI_480,ASA,3369
220,2021-04-10,NI_480,ASA,3047
221,2021-04-20,NI_480,ASA,2814
222,2021-05-01,NI_480,ASA,2739
223,2021-05-10,NI_480,ASA,2761
224,2021-05-20,NI_480,ASA,2881
225,2021-06-01,NI_480,ASA,3177
226,2021-06-10,NI_480,ASA,3602
227,2021-06-20,NI_480,ASA,4029
228,2021-07-01,NI_480,ASA,4535
229,2021-07-10,NI_480,ASA,4985
230,2021-07-20,NI_480,ASA,5153
231,2021-08-01,NI_480,ASA,5112
232,2021-08-10,NI_480,ASA,4933
233,2021-08-20,NI_480,ASA,4673
234,2021-09-01,NI_480,ASA,4380
235,2021-09-10,NI_480,ASA,4235
236,2021-09-20,NI_480,ASA,4183
237,2021-10-01,NI_480,ASA,4178
238,2021-10-10,NI_480,ASA,4231
239,2021-10-20,NI_480,ASA,4337
240,2021-11-01,NI_480,ASA,4443
241,2021-11-10,NI_480,ASA,4474
242,2021-11-20,NI_480,ASA,4417
243,2021-12-01,NI_480,ASA,4255
244,2021-12-10,NI_480,ASA,4246
245,2021-12-20,NI_480,ASA,4246
246,2015-03-01,448-201270-0000H,ASA,1732
247,2015-03-10,448-201270-0000H,ASA,1715
248,2015-03-20,448-201270-0000H,ASA,1688
249,2015-04-01,448-201270-0000H,ASA,1657
250,2015-04-10,448-201270-0000H,ASA,1634
251,2015-04-20,448-201270-0000H,ASA,1646
252,2015-05-01,448-201270-0000H,ASA,1699
253,2015-05-10,448-201270-0000H,ASA,1798
254,2015-05-20,448-201270-0000H,ASA,1910
255,2015-06-01,448-201270-0000H,ASA,2071
256,2015-06-10,448-201270-0000H,ASA,2247
257,2015-06-20,448-201270-0000H,ASA,2435
258,2015-07-01,448-201270-0000H,ASA,2647
259,2015-07-10,448-201270-0000H,ASA,2845
260,2015-07-20,448-201270-0000H,ASA,3065
261,2015-08-01,448-201270-0000H,ASA,3274
262,2015-08-10,448-201270-0000H,ASA,3478
263,2015-08-20,448-201270-0000H,ASA,3678
264,2015-09-01,448-201270-0000H,ASA,3871
265,2015-09-10,448-201270-0000H,ASA,4042
266,2015-09-20,448-201270-0000H,ASA,4193
267,2015-10-01,448-201270-0000H,ASA,4337
268,2015-10-10,448-201270-0000H,ASA,4454
269,2015-10-20,448-201270-0000H,ASA,4562
270,2015-11-01,448-201270-0000H,ASA,4674
271,2015-11-10,448-201270-0000H,ASA,4772
272,2015-11-20,448-201270-0000H,ASA,4840
273,2015-12-01,448-201270-0000H,ASA,4864
274,2015-12-10,448-201270-0000H,ASA,4829
275,2015-12-20,448-201270-0000H,ASA,4606
276,2016-01-01,448-201270-0000H,ASA,4222
277,2016-01-10,448-201270-0000H,ASA,3765
278,2016-01-20,448-201270-0000H,ASA,3330
279,2016-02-01,448-201270-0000H,ASA,3000
280,2016-02-10,448-201270-0000H,ASA,2716
281,2016-02-20,448-201270-0000H,ASA,2450
282,2016-03-01,448-201270-0000H,ASA,2446
283,2016-03-10,448-201270-0000H,ASA,2319
284,2016-03-20,448-201270-0000H,ASA,2242
285,2016-04-01,448-201270-0000H,ASA,2250
286,2016-04-10,448-201270-0000H,ASA,2309
287,2016-04-20,448-201270-0000H,ASA,2466
288,2016-05-01,448-201270-0000H,ASA,2749
289,2016-05-10,448-201270-0000H,ASA,3143
290,2016-05-20,448-201270-0000H,ASA,3584
291,2016-06-01,448-201270-0000H,ASA,3952
292,2016-06-10,448-201270-0000H,ASA,4301
293,2016-06-20,448-201270-0000H,ASA,4597
294,2016-07-01,448-201270-0000H,ASA,4805
295,2016-07-10,448-201270-0000H,ASA,4885
296,2016-07-20,448-201270-0000H,ASA,4881
297,2016-08-01,448-201270-0000H,ASA,4816
298,2016-08-10,448-201270-0000H,ASA,4650
299,2016-08-20,448-201270-0000H,ASA,4434
300,2016-09-01,448-201270-0000H,ASA,4203
301,2016-09-10,448-201270-0000H,ASA,4031
302,2016-09-20,448-201270-0000H,ASA,3924
303,2016-10-01,448-201270-0000H,ASA,3874
304,2016-10-10,448-201270-0000H,ASA,3877
305,2016-10-20,448-201270-0000H,ASA,3920
306,2016-11-01,448-201270-0000H,ASA,4047
307,2016-11-10,448-201270-0000H,ASA,4299
308,2016-11-20,448-201270-0000H,ASA,4617
309,2016-12-01,448-201270-0000H,ASA,4888
310,2016-12-10,448-201270-0000H,ASA,4999
311,2016-12-20,448-201270-0000H,ASA,5030
312,2017-01-01,448-201270-0000H,ASA,4820
313,2017-01-10,448-201270-0000H,ASA,4365
314,2017-01-20,448-201270-0000H,ASA,3761
315,2017-02-01,448-201270-0000H,ASA,2984
316,2017-02-10,448-201270-0000H,ASA,2436
317,2017-02-20,448-201270-0000H,ASA,1832
318,2017-03-01,448-201270-0000H,ASA,1359
319,2017-03-10,448-201270-0000H,ASA,1046
320,2017-03-20,448-201270-0000H,ASA,871
321,2017-04-01,448-201270-0000H,ASA,902
322,2017-04-10,448-201270-0000H,ASA,1143
323,2017-04-20,448-201270-0000H,ASA,1694
324,2017-05-01,448-201270-0000H,ASA,2256
325,2017-05-10,448-201270-0000H,ASA,2903
326,2017-05-20,448-201270-0000H,ASA,3537
327,2017-06-01,448-201270-0000H,ASA,4039
328,2017-06-10,448-201270-0000H,ASA,4525
329,2017-06-20,448-201270-0000H,ASA,4946
330,2017-07-01,448-201270-0000H,ASA,5251
331,2017-07-10,448-201270-0000H,ASA,5440
332,2017-07-20,448-201270-0000H,ASA,5612
333,2017-08-01,448-201270-0000H,ASA,5771
334,2017-08-10,448-201270-0000H,ASA,5903
335,2017-08-20,448-201270-0000H,ASA,5988
336,2017-09-01,448-201270-0000H,ASA,6013
337,2017-09-10,448-201270-0000H,ASA,5987
338,2017-09-20,448-201270-0000H,ASA,5926
339,2017-10-01,448-201270-0000H,ASA,5852
340,2017-10-10,448-201270-0000H,ASA,5770
341,2017-10-20,448-201270-0000H,ASA,5679
342,2017-11-01,448-201270-0000H,ASA,5573
343,2017-11-10,448-201270-0000H,ASA,5427
344,2017-11-20,448-201270-0000H,ASA,5226
345,2017-12-01,448-201270-0000H,ASA,4972
346,2017-12-10,448-201270-0000H,ASA,4650
347,2017-12-20,448-201270-0000H,ASA,4287
348,2018-01-01,448-201270-0000H,ASA,4090
349,2018-01-10,448-201270-0000H,ASA,3971
350,2018-01-20,448-201270-0000H,ASA,3850
351,2018-02-01,448-201270-0000H,ASA,3730
352,2018-02-10,448-201270-0000H,ASA,3463
353,2018-02-20,448-201270-0000H,ASA,3013
354,2018-03-01,448-201270-0000H,ASA,2537
355,2018-03-10,448-201270-0000H,ASA,2073
356,2018-03-20,448-201270-0000H,ASA,1577
357,2018-04-01,448-201270-0000H,ASA,1328
358,2018-04-10,448-201270-0000H,ASA,1248
359,2018-04-20,448-201270-0000H,ASA,1272
360,2018-05-01,448-201270-0000H,ASA,1350
361,2018-05-10,448-201270-0000H,ASA,1650
362,2018-05-20,448-201270-0000H,ASA,2210
363,2018-06-01,448-201270-0000H,ASA,2893
364,2018-06-10,448-201270-0000H,ASA,3765
365,2018-06-20,448-201270-0000H,ASA,4561
366,2018-07-01,448-201270-0000H,ASA,5260
367,2018-07-10,448-201270-0000H,ASA,5566
368,2018-07-20,448-201270-0000H,ASA,5579
369,2018-08-01,448-201270-0000H,ASA,5234
370,2018-08-10,448-201270-0000H,ASA,4800
371,2018-08-20,448-201270-0000H,ASA,4448
372,2018-09-01,448-201270-0000H,ASA,4332
373,2018-09-10,448-201270-0000H,ASA,4323
374,2018-09-20,448-201270-0000H,ASA,4347
375,2018-10-01,448-201270-0000H,ASA,4440
376,2018-10-10,448-201270-0000H,ASA,4590
377,2018-10-20,448-201270-0000H,ASA,4773
378,2018-11-01,448-201270-0000H,ASA,4997
379,2018-11-10,448-201270-0000H,ASA,5285
380,2018-11-20,448-201270-0000H,ASA,5488
381,2018-12-01,448-201270-0000H,ASA,5593
382,2018-12-10,448-201270-0000H,ASA,5620
383,2018-12-20,448-201270-0000H,ASA,5502
384,2019-01-01,448-201270-0000H,ASA,5182
385,2019-01-10,448-201270-0000H,ASA,4811
386,2019-01-20,448-201270-0000H,ASA,4374
387,2019-02-01,448-201270-0000H,ASA,3767
388,2019-02-10,448-201270-0000H,ASA,3199
389,2019-02-20,448-201270-0000H,ASA,2804
390,2019-03-01,448-201270-0000H,ASA,2372
391,2019-03-10,448-201270-0000H,ASA,2059
392,2019-03-20,448-201270-0000H,ASA,1745
393,2019-04-01,448-201270-0000H,ASA,1519
394,2019-04-10,448-201270-0000H,ASA,1410
395,2019-04-20,448-201270-0000H,ASA,1391
396,2019-05-01,448-201270-0000H,ASA,1455
397,2019-05-10,448-201270-0000H,ASA,1757
398,2019-05-20,448-201270-0000H,ASA,2296
399,2019-06-01,448-201270-0000H,ASA,3070
400,2019-06-10,448-201270-0000H,ASA,3787
401,2019-06-20,448-201270-0000H,ASA,4481
402,2019-07-01,448-201270-0000H,ASA,5042
403,2019-07-10,448-201270-0000H,ASA,5226
404,2019-07-20,448-201270-0000H,ASA,5258
405,2019-08-01,448-201270-0000H,ASA,5246
406,2019-08-10,448-201270-0000H,ASA,5188
407,2019-08-20,448-201270-0000H,ASA,5100
408,2019-09-01,448-201270-0000H,ASA,5005
409,2019-09-10,448-201270-0000H,ASA,4925
410,2019-09-20,448-201270-0000H,ASA,4868
411,2019-10-01,448-201270-0000H,ASA,4847
412,2019-10-10,448-201270-0000H,ASA,4866
413,2019-10-20,448-201270-0000H,ASA,4923
414,2019-11-01,448-201270-0000H,ASA,5064
415,2019-11-10,448-201270-0000H,ASA,5368
416,2019-11-20,448-201270-0000H,ASA,5677
417,2019-12-01,448-201270-0000H,ASA,5879
418,2019-12-10,448-201270-0000H,ASA,5725
419,2019-12-20,448-201270-0000H,ASA,5232
420,2020-01-01,448-201270-0000H,ASA,4730
421,2020-01-10,448-201270-0000H,ASA,4162
422,2020-01-20,448-201270-0000H,ASA,3527
423,2020-02-01,448-201270-0000H,ASA,2897
424,2020-02-10,448-201270-0000H,ASA,2340
425,2020-02-20,448-201270-0000H,ASA,1843
426,2020-03-01,448-201270-0000H,ASA,1490
427,2020-03-10,448-201270-0000H,ASA,1248
428,2020-03-20,448-201270-0000H,ASA,1036
429,2020-04-01,448-201270-0000H,ASA,863
430,2020-04-10,448-201270-0000H,ASA,743
431,2020-04-20,448-201270-0000H,ASA,728
432,2020-05-01,448-201270-0000H,ASA,737
433,2020-05-10,448-201270-0000H,ASA,878
434,2020-05-20,448-201270-0000H,ASA,1325
435,2020-06-01,448-201270-0000H,ASA,2074
436,2020-06-10,448-201270-0000H,ASA,3006
437,2020-06-20,448-201270-0000H,ASA,3895
438,2020-07-01,448-201270-0000H,ASA,4853
439,2020-07-10,448-201270-0000H,ASA,5511
440,2020-07-20,448-201270-0000H,ASA,5771
441,2020-08-01,448-201270-0000H,ASA,5691
442,2020-08-10,448-201270-0000H,ASA,5600
443,2020-08-20,448-201270-0000H,ASA,5520
444,2020-09-01,448-201270-0000H,ASA,5432
445,2020-09-10,448-201270-0000H,ASA,5347
446,2020-09-20,448-201270-0000H,ASA,5246
447,2020-10-01,448-201270-0000H,ASA,5149
448,2020-10-10,448-201270-0000H,ASA,5099
449,2020-10-20,448-201270-0000H,ASA,5084
450,2020-11-01,448-201270-0000H,ASA,5169
451,2020-11-10,448-201270-0000H,ASA,5348
452,2020-11-20,448-201270-0000H,ASA,5527
453,2020-12-01,448-201270-0000H,ASA,5674
454,2020-12-10,448-201270-0000H,ASA,5735
455,2020-12-20,448-201270-0000H,ASA,5545
456,2021-01-01,448-201270-0000H,ASA,5080
457,2021-01-10,448-201270-0000H,ASA,4502
458,2021-01-20,448-201270-0000H,ASA,3854
459,2021-02-01,448-201270-0000H,ASA,3290
460,2021-02-10,448-201270-0000H,ASA,3012
461,2021-02-20,448-201270-0000H,ASA,2839
462,2021-03-01,448-201270-0000H,ASA,2508
463,2021-03-10,448-201270-0000H,ASA,2362
464,2021-03-20,448-201270-0000H,ASA,2182
465,2021-04-01,448-201270-0000H,ASA,1913
466,2021-04-10,448-201270-0000H,ASA,1680
467,2021-04-20,448-201270-0000H,ASA,1515
468,2021-05-01,448-201270-0000H,ASA,1440
469,2021-05-10,448-201270-0000H,ASA,1426
470,2021-05-20,448-201270-0000H,ASA,1592
471,2021-06-01,448-201270-0000H,ASA,2072
472,2021-06-10,448-201270-0000H,ASA,2681
473,2021-06-20,448-201270-0000H,ASA,3389
474,2021-07-01,448-201270-0000H,ASA,3944
475,2021-07-10,448-201270-0000H,ASA,4348
476,2021-07-20,448-201270-0000H,ASA,4420
477,2021-08-01,448-201270-0000H,ASA,4311
478,2021-08-10,448-201270-0000H,ASA,4283
479,2021-08-20,448-201270-0000H,ASA,4230
480,2021-09-01,448-201270-0000H,ASA,4343
481,2021-09-10,448-201270-0000H,ASA,4802
482,2021-09-20,448-201270-0000H,ASA,5486
483,2021-10-01,448-201270-0000H,ASA,6150
484,2021-10-10,448-201270-0000H,ASA,6577
485,2021-10-20,448-201270-0000H,ASA,6740
486,2021-11-01,448-201270-0000H,ASA,6669
487,2021-11-10,448-201270-0000H,ASA,6297
488,2021-11-20,448-201270-0000H,ASA,5770
489,2021-12-01,448-201270-0000H,ASA,5404
490,2021-12-10,448-201270-0000H,ASA,5391
491,2021-12-20,448-201270-0000H,ASA,5391
492,2015-03-01,NI_660,ASA,2961
493,2015-03-10,NI_660,ASA,2891
494,2015-03-20,NI_660,ASA,2765
495,2015-04-01,NI_660,ASA,2620
496,2015-04-10,NI_660,ASA,2511
497,2015-04-20,NI_660,ASA,2455
498,2015-05-01,NI_660,ASA,2462
499,2015-05-10,NI_660,ASA,2548
500,2015-05-20,NI_660,ASA,2708
501,2015-06-01,NI_660,ASA,2995
502,2015-06-10,NI_660,ASA,3338
503,2015-06-20,NI_660,ASA,3647
504,2015-07-01,NI_660,ASA,3982
505,2015-07-10,NI_660,ASA,4406
506,2015-07-20,NI_660,ASA,4818
507,2015-08-01,NI_660,ASA,5211
508,2015-08-10,NI_660,ASA,5439
509,2015-08-20,NI_660,ASA,5610
510,2015-09-01,NI_660,ASA,5742
511,2015-09-10,NI_660,ASA,5828
512,2015-09-20,NI_660,ASA,5886
513,2015-10-01,NI_660,ASA,5904
514,2015-10-10,NI_660,ASA,5868
515,2015-10-20,NI_660,ASA,5744
516,2015-11-01,NI_660,ASA,5511
517,2015-11-10,NI_660,ASA,5303
518,2015-11-20,NI_660,ASA,5102
519,2015-12-01,NI_660,ASA,4890
520,2015-12-10,NI_660,ASA,4630
521,2015-12-20,NI_660,ASA,4252
522,2016-01-01,NI_660,ASA,3844
523,2016-01-10,NI_660,ASA,3423
524,2016-01-20,NI_660,ASA,2998
525,2016-02-01,NI_660,ASA,2701
526,2016-02-10,NI_660,ASA,2413
527,2016-02-20,NI_660,ASA,2070
528,2016-03-01,NI_660,ASA,2058
529,2016-03-10,NI_660,ASA,1823
530,2016-03-20,NI_660,ASA,1609
531,2016-04-01,NI_660,ASA,1573
532,2016-04-10,NI_660,ASA,1625
533,2016-04-20,NI_660,ASA,1779
534,2016-05-01,NI_660,ASA,2187
535,2016-05-10,NI_660,ASA,2691
536,2016-05-20,NI_660,ASA,3364
537,2016-06-01,NI_660,ASA,3883
538,2016-06-10,NI_660,ASA,4333
539,2016-06-20,NI_660,ASA,4811
540,2016-07-01,NI_660,ASA,5253
541,2016-07-10,NI_660,ASA,5545
542,2016-07-20,NI_660,ASA,5741
543,2016-08-01,NI_660,ASA,5855
544,2016-08-10,NI_660,ASA,5900
545,2016-08-20,NI_660,ASA,5935
546,2016-09-01,NI_660,ASA,5971
547,2016-09-10,NI_660,ASA,6017
548,2016-09-20,NI_660,ASA,6083
549,2016-10-01,NI_660,ASA,6176
550,2016-10-10,NI_660,ASA,6278
551,2016-10-20,NI_660,ASA,6359
552,2016-11-01,NI_660,ASA,6400
553,2016-11-10,NI_660,ASA,6396
554,2016-11-20,NI_660,ASA,6343
555,2016-12-01,NI_660,ASA,6192
556,2016-12-10,NI_660,ASA,5912
557,2016-12-20,NI_660,ASA,5527
558,2017-01-01,NI_660,ASA,5016
559,2017-01-10,NI_660,ASA,4472
560,2017-01-20,NI_660,ASA,3783
561,2017-02-01,NI_660,ASA,2964
562,2017-02-10,NI_660,ASA,2386
563,2017-02-20,NI_660,ASA,1737
564,2017-03-01,NI_660,ASA,1376
565,2017-03-10,NI_660,ASA,1119
566,2017-03-20,NI_660,ASA,1047
567,2017-04-01,NI_660,ASA,1099
568,2017-04-10,NI_660,ASA,1404
569,2017-04-20,NI_660,ASA,1975
570,2017-05-01,NI_660,ASA,2581
571,2017-05-10,NI_660,ASA,3266
572,2017-05-20,NI_660,ASA,3881
573,2017-06-01,NI_660,ASA,4557
574,2017-06-10,NI_660,ASA,5101
575,2017-06-20,NI_660,ASA,5509
576,2017-07-01,NI_660,ASA,5826
577,2017-07-10,NI_660,ASA,6039
578,2017-07-20,NI_660,ASA,6189
579,2017-08-01,NI_660,ASA,6278
580,2017-08-10,NI_660,ASA,6319
581,2017-08-20,NI_660,ASA,6325
582,2017-09-01,NI_660,ASA,6325
583,2017-09-10,NI_660,ASA,6335
584,2017-09-20,NI_660,ASA,6357
585,2017-10-01,NI_660,ASA,6388
586,2017-10-10,NI_660,ASA,6416
587,2017-10-20,NI_660,ASA,6435
588,2017-11-01,NI_660,ASA,6428
589,2017-11-10,NI_660,ASA,6378
590,2017-11-20,NI_660,ASA,6255
591,2017-12-01,NI_660,ASA,6048
592,2017-12-10,NI_660,ASA,5824
593,2017-12-20,NI_660,ASA,5607
594,2018-01-01,NI_660,ASA,5381
595,2018-01-10,NI_660,ASA,5163
596,2018-01-20,NI_660,ASA,4864
597,2018-02-01,NI_660,ASA,4399
598,2018-02-10,NI_660,ASA,3851
599,2018-02-20,NI_660,ASA,3322
600,2018-03-01,NI_660,ASA,2846
601,2018-03-10,NI_660,ASA,2554
602,2018-03-20,NI_660,ASA,2307
603,2018-04-01,NI_660,ASA,2238
604,2018-04-10,NI_660,ASA,2262
605,2018-04-20,NI_660,ASA,2330
606,2018-05-01,NI_660,ASA,2549
607,2018-05-10,NI_660,ASA,2994
608,2018-05-20,NI_660,ASA,3512
609,2018-06-01,NI_660,ASA,3994
610,2018-06-10,NI_660,ASA,4613
611,2018-06-20,NI_660,ASA,5247
612,2018-07-01,NI_660,ASA,5708
613,2018-07-10,NI_660,ASA,5990
614,2018-07-20,NI_660,ASA,6057
615,2018-08-01,NI_660,ASA,5800
616,2018-08-10,NI_660,ASA,5360
617,2018-08-20,NI_660,ASA,5036
618,2018-09-01,NI_660,ASA,4863
619,2018-09-10,NI_660,ASA,4832
620,2018-09-20,NI_660,ASA,4893
621,2018-10-01,NI_660,ASA,5109
622,2018-10-10,NI_660,ASA,5408
623,2018-10-20,NI_660,ASA,5656
624,2018-11-01,NI_660,ASA,5808
625,2018-11-10,NI_660,ASA,5855
626,2018-11-20,NI_660,ASA,5739
627,2018-12-01,NI_660,ASA,5453
628,2018-12-10,NI_660,ASA,5173
629,2018-12-20,NI_660,ASA,4988
630,2019-01-01,NI_660,ASA,4838
631,2019-01-10,NI_660,ASA,4676
632,2019-01-20,NI_660,ASA,4400
633,2019-02-01,NI_660,ASA,3856
634,2019-02-10,NI_660,ASA,3072
635,2019-02-20,NI_660,ASA,2524
636,2019-03-01,NI_660,ASA,1939
637,2019-03-10,NI_660,ASA,1631
638,2019-03-20,NI_660,ASA,1473
639,2019-04-01,NI_660,ASA,1438
640,2019-04-10,NI_660,ASA,1469
641,2019-04-20,NI_660,ASA,1576
642,2019-05-01,NI_660,ASA,1737
643,2019-05-10,NI_660,ASA,2040
644,2019-05-20,NI_660,ASA,2445
645,2019-06-01,NI_660,ASA,3006
646,2019-06-10,NI_660,ASA,3508
647,2019-06-20,NI_660,ASA,3892
648,2019-07-01,NI_660,ASA,4230
649,2019-07-10,NI_660,ASA,4537
650,2019-07-20,NI_660,ASA,4779
651,2019-08-01,NI_660,ASA,4965
652,2019-08-10,NI_660,ASA,5043
653,2019-08-20,NI_660,ASA,5027
654,2019-09-01,NI_660,ASA,4939
655,2019-09-10,NI_660,ASA,4858
656,2019-09-20,NI_660,ASA,4839
657,2019-10-01,NI_660,ASA,4858
658,2019-10-10,NI_660,ASA,5117
659,2019-10-20,NI_660,ASA,5574
660,2019-11-01,NI_660,ASA,6014
661,2019-11-10,NI_660,ASA,6241
662,2019-11-20,NI_660,ASA,6153
663,2019-12-01,NI_660,ASA,5738
664,2019-12-10,NI_660,ASA,5317
665,2019-12-20,NI_660,ASA,4971
666,2020-01-01,NI_660,ASA,4714
667,2020-01-10,NI_660,ASA,4456
668,2020-01-20,NI_660,ASA,4196
669,2020-02-01,NI_660,ASA,3883
670,2020-02-10,NI_660,ASA,3449
671,2020-02-20,NI_660,ASA,2956
672,2020-03-01,NI_660,ASA,2519
673,2020-03-10,NI_660,ASA,2068
674,2020-03-20,NI_660,ASA,1628
675,2020-04-01,NI_660,ASA,1434
676,2020-04-10,NI_660,ASA,1402
677,2020-04-20,NI_660,ASA,1434
678,2020-05-01,NI_660,ASA,1619
679,2020-05-10,NI_660,ASA,2051
680,2020-05-20,NI_660,ASA,2717
681,2020-06-01,NI_660,ASA,3572
682,2020-06-10,NI_660,ASA,4344
683,2020-06-20,NI_660,ASA,5191
684,2020-07-01,NI_660,ASA,5726
685,2020-07-10,NI_660,ASA,6041
686,2020-07-20,NI_660,ASA,6093
687,2020-08-01,NI_660,ASA,5966
688,2020-08-10,NI_660,ASA,5665
689,2020-08-20,NI_660,ASA,5375
690,2020-09-01,NI_660,ASA,5184
691,2020-09-10,NI_660,ASA,5122
692,2020-09-20,NI_660,ASA,5298
693,2020-10-01,NI_660,ASA,5738
694,2020-10-10,NI_660,ASA,6131
695,2020-10-20,NI_660,ASA,6296
696,2020-11-01,NI_660,ASA,6281
697,2020-11-10,NI_660,ASA,6209
698,2020-11-20,NI_660,ASA,6099
699,2020-12-01,NI_660,ASA,5984
700,2020-12-10,NI_660,ASA,5878
701,2020-12-20,NI_660,ASA,5749
702,2021-01-01,NI_660,ASA,5601
703,2021-01-10,NI_660,ASA,5450
704,2021-01-20,NI_660,ASA,5180
705,2021-02-01,NI_660,ASA,4788
706,2021-02-10,NI_660,ASA,4352
707,2021-02-20,NI_660,ASA,3924
708,2021-03-01,NI_660,ASA,3497
709,2021-03-10,NI_660,ASA,3286
710,2021-03-20,NI_660,ASA,3036
711,2021-04-01,NI_660,ASA,2730
712,2021-04-10,NI_660,ASA,2441
713,2021-04-20,NI_660,ASA,2260
714,2021-05-01,NI_660,ASA,2231
715,2021-05-10,NI_660,ASA,2220
716,2021-05-20,NI_660,ASA,2530
717,2021-06-01,NI_660,ASA,3196
718,2021-06-10,NI_660,ASA,3921
719,2021-06-20,NI_660,ASA,4738
720,2021-07-01,NI_660,ASA,5527
721,2021-07-10,NI_660,ASA,6019
722,2021-07-20,NI_660,ASA,6252
723,2021-08-01,NI_660,ASA,6126
724,2021-08-10,NI_660,ASA,5720
725,2021-08-20,NI_660,ASA,5320
726,2021-09-01,NI_660,ASA,4923
727,2021-09-10,NI_660,ASA,4536
728,2021-09-20,NI_660,ASA,4205
729,2021-10-01,NI_660,ASA,3991
730,2021-10-10,NI_660,ASA,3912
731,2021-10-20,NI_660,ASA,3854
732,2021-11-01,NI_660,ASA,3814
733,2021-11-10,NI_660,ASA,3814
734,2021-11-20,NI_660,ASA,3835
735,2021-12-01,NI_660,ASA,3853
736,2021-12-10,NI_660,ASA,3853
737,2021-12-20,NI_660,ASA,3853
738,2015-03-01,NI_697,ASA,1629
739,2015-03-10,NI_697,ASA,1722
740,2015-03-20,NI_697,ASA,1835
741,2015-04-01,NI_697,ASA,1992
742,2015-04-10,NI_697,ASA,2171
743,2015-04-20,NI_697,ASA,2376
744,2015-05-01,NI_697,ASA,2638
745,2015-05-10,NI_697,ASA,2879
746,2015-05-20,NI_697,ASA,3122
747,2015-06-01,NI_697,ASA,3356
748,2015-06-10,NI_697,ASA,3558
749,2015-06-20,NI_697,ASA,3739
750,2015-07-01,NI_697,ASA,3885
751,2015-07-10,NI_697,ASA,4014
752,2015-07-20,NI_697,ASA,4136
753,2015-08-01,NI_697,ASA,4247
754,2015-08-10,NI_697,ASA,4347
755,2015-08-20,NI_697,ASA,4442
756,2015-09-01,NI_697,ASA,4546
757,2015-09-10,NI_697,ASA,4654
758,2015-09-20,NI_697,ASA,4740
759,2015-10-01,NI_697,ASA,4816
760,2015-10-10,NI_697,ASA,4884
761,2015-10-20,NI_697,ASA,4926
762,2015-11-01,NI_697,ASA,4956
763,2015-11-10,NI_697,ASA,4952
764,2015-11-20,NI_697,ASA,4905
765,2015-12-01,NI_697,ASA,4779
766,2015-12-10,NI_697,ASA,4503
767,2015-12-20,NI_697,ASA,4049
768,2016-01-01,NI_697,ASA,3612
769,2016-01-10,NI_697,ASA,3117
770,2016-01-20,NI_697,ASA,2683
771,2016-02-01,NI_697,ASA,2303
772,2016-02-10,NI_697,ASA,1940
773,2016-02-20,NI_697,ASA,1673
774,2016-03-01,NI_697,ASA,1637
775,2016-03-10,NI_697,ASA,1502
776,2016-03-20,NI_697,ASA,1383
777,2016-04-01,NI_697,ASA,1371
778,2016-04-10,NI_697,ASA,1414
779,2016-04-20,NI_697,ASA,1550
780,2016-05-01,NI_697,ASA,1863
781,2016-05-10,NI_697,ASA,2340
782,2016-05-20,NI_697,ASA,2923
783,2016-06-01,NI_697,ASA,3429
784,2016-06-10,NI_697,ASA,3774
785,2016-06-20,NI_697,ASA,4042
786,2016-07-01,NI_697,ASA,4252
787,2016-07-10,NI_697,ASA,4372
788,2016-07-20,NI_697,ASA,4416
789,2016-08-01,NI_697,ASA,4413
790,2016-08-10,NI_697,ASA,4372
791,2016-08-20,NI_697,ASA,4326
792,2016-09-01,NI_697,ASA,4301
793,2016-09-10,NI_697,ASA,4309
794,2016-09-20,NI_697,ASA,4357
795,2016-10-01,NI_697,ASA,4472
796,2016-10-10,NI_697,ASA,4691
797,2016-10-20,NI_697,ASA,5015
798,2016-11-01,NI_697,ASA,5273
799,2016-11-10,NI_697,ASA,5384
800,2016-11-20,NI_697,ASA,5370
801,2016-12-01,NI_697,ASA,5124
802,2016-12-10,NI_697,ASA,4759
803,2016-12-20,NI_697,ASA,4206
804,2017-01-01,NI_697,ASA,3477
805,2017-01-10,NI_697,ASA,2895
806,2017-01-20,NI_697,ASA,2428
807,2017-02-01,NI_697,ASA,1884
808,2017-02-10,NI_697,ASA,1483
809,2017-02-20,NI_697,ASA,1221
810,2017-03-01,NI_697,ASA,1084
811,2017-03-10,NI_697,ASA,1064
812,2017-03-20,NI_697,ASA,1049
813,2017-04-01,NI_697,ASA,1195
814,2017-04-10,NI_697,ASA,1707
815,2017-04-20,NI_697,ASA,2345
816,2017-05-01,NI_697,ASA,3156
817,2017-05-10,NI_697,ASA,3773
818,2017-05-20,NI_697,ASA,4379
819,2017-06-01,NI_697,ASA,5029
820,2017-06-10,NI_697,ASA,5436
821,2017-06-20,NI_697,ASA,5643
822,2017-07-01,NI_697,ASA,5685
823,2017-07-10,NI_697,ASA,5666
824,2017-07-20,NI_697,ASA,5619
825,2017-08-01,NI_697,ASA,5548
826,2017-08-10,NI_697,ASA,5508
827,2017-08-20,NI_697,ASA,5493
828,2017-09-01,NI_697,ASA,5514
829,2017-09-10,NI_697,ASA,5558
830,2017-09-20,NI_697,ASA,5610
831,2017-10-01,NI_697,ASA,5655
832,2017-10-10,NI_697,ASA,5673
833,2017-10-20,NI_697,ASA,5663
834,2017-11-01,NI_697,ASA,5615
835,2017-11-10,NI_697,ASA,5484
836,2017-11-20,NI_697,ASA,5207
837,2017-12-01,NI_697,ASA,4870
838,2017-12-10,NI_697,ASA,4552
839,2017-12-20,NI_697,ASA,4244
840,2018-01-01,NI_697,ASA,3902
841,2018-01-10,NI_697,ASA,3535
842,2018-01-20,NI_697,ASA,3109
843,2018-02-01,NI_697,ASA,2726
844,2018-02-10,NI_697,ASA,2367
845,2018-02-20,NI_697,ASA,2093
846,2018-03-01,NI_697,ASA,2046
847,2018-03-10,NI_697,ASA,1995
848,2018-03-20,NI_697,ASA,1982
849,2018-04-01,NI_697,ASA,1998
850,2018-04-10,NI_697,ASA,2059
851,2018-04-20,NI_697,ASA,2146
852,2018-05-01,NI_697,ASA,2252
853,2018-05-10,NI_697,ASA,2370
854,2018-05-20,NI_697,ASA,2486
855,2018-06-01,NI_697,ASA,2618
856,2018-06-10,NI_697,ASA,2766
857,2018-06-20,NI_697,ASA,2940
858,2018-07-01,NI_697,ASA,3124
859,2018-07-10,NI_697,ASA,3314
860,2018-07-20,NI_697,ASA,3475
861,2018-08-01,NI_697,ASA,3617
862,2018-08-10,NI_697,ASA,3732
863,2018-08-20,NI_697,ASA,3835
864,2018-09-01,NI_697,ASA,3959
865,2018-09-10,NI_697,ASA,4090
866,2018-09-20,NI_697,ASA,4276
867,2018-10-01,NI_697,ASA,4596
868,2018-10-10,NI_697,ASA,4913
869,2018-10-20,NI_697,ASA,5075
870,2018-11-01,NI_697,ASA,5113
871,2018-11-10,NI_697,ASA,5051
872,2018-11-20,NI_697,ASA,4820
873,2018-12-01,NI_697,ASA,4452
874,2018-12-10,NI_697,ASA,3997
875,2018-12-20,NI_697,ASA,3501
876,2019-01-01,NI_697,ASA,3032
877,2019-01-10,NI_697,ASA,2642
878,2019-01-20,NI_697,ASA,2263
879,2019-02-01,NI_697,ASA,1919
880,2019-02-10,NI_697,ASA,1717
881,2019-02-20,NI_697,ASA,1583
882,2019-03-01,NI_697,ASA,1451
883,2019-03-10,NI_697,ASA,1425
884,2019-03-20,NI_697,ASA,1430
885,2019-04-01,NI_697,ASA,1461
886,2019-04-10,NI_697,ASA,1537
887,2019-04-20,NI_697,ASA,1670
888,2019-05-01,NI_697,ASA,1842
889,2019-05-10,NI_697,ASA,2108
890,2019-05-20,NI_697,ASA,2463
891,2019-06-01,NI_697,ASA,2780
892,2019-06-10,NI_697,ASA,3098
893,2019-06-20,NI_697,ASA,3365
894,2019-07-01,NI_697,ASA,3548
895,2019-07-10,NI_697,ASA,3720
896,2019-07-20,NI_697,ASA,3991
897,2019-08-01,NI_697,ASA,4344
898,2019-08-10,NI_697,ASA,4616
899,2019-08-20,NI_697,ASA,4766
900,2019-09-01,NI_697,ASA,4813
901,2019-09-10,NI_697,ASA,4819
902,2019-09-20,NI_697,ASA,4829
903,2019-10-01,NI_697,ASA,4867
904,2019-10-10,NI_697,ASA,4946
905,2019-10-20,NI_697,ASA,5129
906,2019-11-01,NI_697,ASA,5359
907,2019-11-10,NI_697,ASA,5524
908,2019-11-20,NI_697,ASA,5614
909,2019-12-01,NI_697,ASA,5546
910,2019-12-10,NI_697,ASA,5232
911,2019-12-20,NI_697,ASA,4754
912,2020-01-01,NI_697,ASA,4012
913,2020-01-10,NI_697,ASA,3124
914,2020-01-20,NI_697,ASA,2524
915,2020-02-01,NI_697,ASA,1928
916,2020-02-10,NI_697,ASA,1495
917,2020-02-20,NI_697,ASA,1276
918,2020-03-01,NI_697,ASA,1162
919,2020-03-10,NI_697,ASA,1084
920,2020-03-20,NI_697,ASA,1014
921,2020-04-01,NI_697,ASA,959
922,2020-04-10,NI_697,ASA,963
923,2020-04-20,NI_697,ASA,949
924,2020-05-01,NI_697,ASA,1174
925,2020-05-10,NI_697,ASA,1788
926,2020-05-20,NI_697,ASA,2607
927,2020-06-01,NI_697,ASA,3556
928,2020-06-10,NI_697,ASA,4387
929,2020-06-20,NI_697,ASA,5129
930,2020-07-01,NI_697,ASA,5490
931,2020-07-10,NI_697,ASA,5488
932,2020-07-20,NI_697,ASA,5502
933,2020-08-01,NI_697,ASA,5512
934,2020-08-10,NI_697,ASA,5490
935,2020-08-20,NI_697,ASA,5466
936,2020-09-01,NI_697,ASA,5358
937,2020-09-10,NI_697,ASA,5155
938,2020-09-20,NI_697,ASA,5036
939,2020-10-01,NI_697,ASA,5019
940,2020-10-10,NI_697,ASA,5033
941,2020-10-20,NI_697,ASA,5096
942,2020-11-01,NI_697,ASA,5151
943,2020-11-10,NI_697,ASA,5169
944,2020-11-20,NI_697,ASA,5132
945,2020-12-01,NI_697,ASA,5029
946,2020-12-10,NI_697,ASA,4887
947,2020-12-20,NI_697,ASA,4726
948,2021-01-01,NI_697,ASA,4538
949,2021-01-10,NI_697,ASA,4297
950,2021-01-20,NI_697,ASA,4026
951,2021-02-01,NI_697,ASA,3750
952,2021-02-10,NI_697,ASA,3439
953,2021-02-20,NI_697,ASA,3116
954,2021-03-01,NI_697,ASA,2718
955,2021-03-10,NI_697,ASA,2340
956,2021-03-20,NI_697,ASA,1845
957,2021-04-01,NI_697,ASA,1485
958,2021-04-10,NI_697,ASA,1286
959,2021-04-20,NI_697,ASA,1183
960,2021-05-01,NI_697,ASA,1193
961,2021-05-10,NI_697,ASA,1386
962,2021-05-20,NI_697,ASA,1892
963,2021-06-01,NI_697,ASA,2682
964,2021-06-10,NI_697,ASA,3585
965,2021-06-20,NI_697,ASA,4289
966,2021-07-01,NI_697,ASA,4933
967,2021-07-10,NI_697,ASA,5226
968,2021-07-20,NI_697,ASA,4968
969,2021-08-01,NI_697,ASA,4395
970,2021-08-10,NI_697,ASA,3750
971,2021-08-20,NI_697,ASA,3274
972,2021-09-01,NI_697,ASA,3177
973,2021-09-10,NI_697,ASA,3232
974,2021-09-20,NI_697,ASA,3552
975,2021-10-01,NI_697,ASA,4021
976,2021-10-10,NI_697,ASA,4689
977,2021-10-20,NI_697,ASA,5417
978,2021-11-01,NI_697,ASA,5868
979,2021-11-10,NI_697,ASA,5607
980,2021-11-20,NI_697,ASA,4811
981,2021-12-01,NI_697,ASA,4275
982,2021-12-10,NI_697,ASA,4251
983,2021-12-20,NI_697,ASA,4251
984,2015-03-01,NI_480,Testigo,2313
985,2015-03-10,NI_480,Testigo,2301
986,2015-03-20,NI_480,Testigo,2277
987,2015-04-01,NI_480,Testigo,2253
988,2015-04-10,NI_480,Testigo,2253
989,2015-04-20,NI_480,Testigo,2294
990,2015-05-01,NI_480,Testigo,2392
991,2015-05-10,NI_480,Testigo,2525
992,2015-05-20,NI_480,Testigo,2710
993,2015-06-01,NI_480,Testigo,2948
994,2015-06-10,NI_480,Testigo,3206
995,2015-06-20,NI_480,Testigo,3491
996,2015-07-01,NI_480,Testigo,3767
997,2015-07-10,NI_480,Testigo,4030
998,2015-07-20,NI_480,Testigo,4245
999,2015-08-01,NI_480,Testigo,4460
1000,2015-08-10,NI_480,Testigo,4633
1001,2015-08-20,NI_480,Testigo,4790
1002,2015-09-01,NI_480,Testigo,4921
1003,2015-09-10,NI_480,Testigo,5035
1004,2015-09-20,NI_480,Testigo,5124
1005,2015-10-01,NI_480,Testigo,5171
1006,2015-10-10,NI_480,Testigo,5181
1007,2015-10-20,NI_480,Testigo,5166
1008,2015-11-01,NI_480,Testigo,5136
1009,2015-11-10,NI_480,Testigo,5085
1010,2015-11-20,NI_480,Testigo,5017
1011,2015-12-01,NI_480,Testigo,4932
1012,2015-12-10,NI_480,Testigo,4808
1013,2015-12-20,NI_480,Testigo,4621
1014,2016-01-01,NI_480,Testigo,4352
1015,2016-01-10,NI_480,Testigo,4059
1016,2016-01-20,NI_480,Testigo,3708
1017,2016-02-01,NI_480,Testigo,3323
1018,2016-02-10,NI_480,Testigo,2957
1019,2016-02-20,NI_480,Testigo,2658
1020,2016-03-01,NI_480,Testigo,2046
1021,2016-03-10,NI_480,Testigo,1795
1022,2016-03-20,NI_480,Testigo,1557
1023,2016-04-01,NI_480,Testigo,1437
1024,2016-04-10,NI_480,Testigo,1417
1025,2016-04-20,NI_480,Testigo,1472
1026,2016-05-01,NI_480,Testigo,1615
1027,2016-05-10,NI_480,Testigo,1974
1028,2016-05-20,NI_480,Testigo,2365
1029,2016-06-01,NI_480,Testigo,2843
1030,2016-06-10,NI_480,Testigo,3259
1031,2016-06-20,NI_480,Testigo,3607
1032,2016-07-01,NI_480,Testigo,3834
1033,2016-07-10,NI_480,Testigo,3921
1034,2016-07-20,NI_480,Testigo,3931
1035,2016-08-01,NI_480,Testigo,3887
1036,2016-08-10,NI_480,Testigo,3796
1037,2016-08-20,NI_480,Testigo,3726
1038,2016-09-01,NI_480,Testigo,3709
1039,2016-09-10,NI_480,Testigo,3729
1040,2016-09-20,NI_480,Testigo,3811
1041,2016-10-01,NI_480,Testigo,3988
1042,2016-10-10,NI_480,Testigo,4282
1043,2016-10-20,NI_480,Testigo,4707
1044,2016-11-01,NI_480,Testigo,5187
1045,2016-11-10,NI_480,Testigo,5586
1046,2016-11-20,NI_480,Testigo,5759
1047,2016-12-01,NI_480,Testigo,5624
1048,2016-12-10,NI_480,Testigo,5241
1049,2016-12-20,NI_480,Testigo,4741
1050,2017-01-01,NI_480,Testigo,4190
1051,2017-01-10,NI_480,Testigo,3621
1052,2017-01-20,NI_480,Testigo,3132
1053,2017-02-01,NI_480,Testigo,2684
1054,2017-02-10,NI_480,Testigo,2271
1055,2017-02-20,NI_480,Testigo,2033
1056,2017-03-01,NI_480,Testigo,2001
1057,2017-03-10,NI_480,Testigo,1934
1058,2017-03-20,NI_480,Testigo,1870
1059,2017-04-01,NI_480,Testigo,1862
1060,2017-04-10,NI_480,Testigo,1931
1061,2017-04-20,NI_480,Testigo,2087
1062,2017-05-01,NI_480,Testigo,2259
1063,2017-05-10,NI_480,Testigo,2552
1064,2017-05-20,NI_480,Testigo,2937
1065,2017-06-01,NI_480,Testigo,3547
1066,2017-06-10,NI_480,Testigo,4171
1067,2017-06-20,NI_480,Testigo,4637
1068,2017-07-01,NI_480,Testigo,5120
1069,2017-07-10,NI_480,Testigo,5523
1070,2017-07-20,NI_480,Testigo,5741
1071,2017-08-01,NI_480,Testigo,5727
1072,2017-08-10,NI_480,Testigo,5593
1073,2017-08-20,NI_480,Testigo,5420
1074,2017-09-01,NI_480,Testigo,5297
1075,2017-09-10,NI_480,Testigo,5244
1076,2017-09-20,NI_480,Testigo,5226
1077,2017-10-01,NI_480,Testigo,5236
1078,2017-10-10,NI_480,Testigo,5267
1079,2017-10-20,NI_480,Testigo,5302
1080,2017-11-01,NI_480,Testigo,5312
1081,2017-11-10,NI_480,Testigo,5289
1082,2017-11-20,NI_480,Testigo,5208
1083,2017-12-01,NI_480,Testigo,5057
1084,2017-12-10,NI_480,Testigo,4884
1085,2017-12-20,NI_480,Testigo,4721
1086,2018-01-01,NI_480,Testigo,4589
1087,2018-01-10,NI_480,Testigo,4466
1088,2018-01-20,NI_480,Testigo,4331
1089,2018-02-01,NI_480,Testigo,4135
1090,2018-02-10,NI_480,Testigo,3803
1091,2018-02-20,NI_480,Testigo,3300
1092,2018-03-01,NI_480,Testigo,2758
1093,2018-03-10,NI_480,Testigo,2362
1094,2018-03-20,NI_480,Testigo,1903
1095,2018-04-01,NI_480,Testigo,1536
1096,2018-04-10,NI_480,Testigo,1296
1097,2018-04-20,NI_480,Testigo,1174
1098,2018-05-01,NI_480,Testigo,1174
1099,2018-05-10,NI_480,Testigo,1237
1100,2018-05-20,NI_480,Testigo,1609
1101,2018-06-01,NI_480,Testigo,2168
1102,2018-06-10,NI_480,Testigo,2920
1103,2018-06-20,NI_480,Testigo,3575
1104,2018-07-01,NI_480,Testigo,4082
1105,2018-07-10,NI_480,Testigo,4321
1106,2018-07-20,NI_480,Testigo,4240
1107,2018-08-01,NI_480,Testigo,3935
1108,2018-08-10,NI_480,Testigo,3526
1109,2018-08-20,NI_480,Testigo,3261
1110,2018-09-01,NI_480,Testigo,3187
1111,2018-09-10,NI_480,Testigo,3228
1112,2018-09-20,NI_480,Testigo,3409
1113,2018-10-01,NI_480,Testigo,3802
1114,2018-10-10,NI_480,Testigo,4322
1115,2018-10-20,NI_480,Testigo,4894
1116,2018-11-01,NI_480,Testigo,5342
1117,2018-11-10,NI_480,Testigo,5521
1118,2018-11-20,NI_480,Testigo,5447
1119,2018-12-01,NI_480,Testigo,5143
1120,2018-12-10,NI_480,Testigo,4773
1121,2018-12-20,NI_480,Testigo,4412
1122,2019-01-01,NI_480,Testigo,4062
1123,2019-01-10,NI_480,Testigo,3710
1124,2019-01-20,NI_480,Testigo,3315
1125,2019-02-01,NI_480,Testigo,2998
1126,2019-02-10,NI_480,Testigo,2769
1127,2019-02-20,NI_480,Testigo,2590
1128,2019-03-01,NI_480,Testigo,2394
1129,2019-03-10,NI_480,Testigo,2278
1130,2019-03-20,NI_480,Testigo,2123
1131,2019-04-01,NI_480,Testigo,1954
1132,2019-04-10,NI_480,Testigo,1744
1133,2019-04-20,NI_480,Testigo,1554
1134,2019-05-01,NI_480,Testigo,1470
1135,2019-05-10,NI_480,Testigo,1430
1136,2019-05-20,NI_480,Testigo,1525
1137,2019-06-01,NI_480,Testigo,2016
1138,2019-06-10,NI_480,Testigo,2678
1139,2019-06-20,NI_480,Testigo,3600
1140,2019-07-01,NI_480,Testigo,4499
1141,2019-07-10,NI_480,Testigo,5400
1142,2019-07-20,NI_480,Testigo,5680
1143,2019-08-01,NI_480,Testigo,5567
1144,2019-08-10,NI_480,Testigo,5236
1145,2019-08-20,NI_480,Testigo,4857
1146,2019-09-01,NI_480,Testigo,4559
1147,2019-09-10,NI_480,Testigo,4489
1148,2019-09-20,NI_480,Testigo,4520
1149,2019-10-01,NI_480,Testigo,4820
1150,2019-10-10,NI_480,Testigo,5449
1151,2019-10-20,NI_480,Testigo,6140
1152,2019-11-01,NI_480,Testigo,6623
1153,2019-11-10,NI_480,Testigo,6756
1154,2019-11-20,NI_480,Testigo,6405
1155,2019-12-01,NI_480,Testigo,5742
1156,2019-12-10,NI_480,Testigo,5152
1157,2019-12-20,NI_480,Testigo,4704
1158,2020-01-01,NI_480,Testigo,4164
1159,2020-01-10,NI_480,Testigo,3591
1160,2020-01-20,NI_480,Testigo,3032
1161,2020-02-01,NI_480,Testigo,2571
1162,2020-02-10,NI_480,Testigo,2196
1163,2020-02-20,NI_480,Testigo,1903
1164,2020-03-01,NI_480,Testigo,1586
1165,2020-03-10,NI_480,Testigo,1372
1166,2020-03-20,NI_480,Testigo,1177
1167,2020-04-01,NI_480,Testigo,1082
1168,2020-04-10,NI_480,Testigo,1047
1169,2020-04-20,NI_480,Testigo,1077
1170,2020-05-01,NI_480,Testigo,1156
1171,2020-05-10,NI_480,Testigo,1421
1172,2020-05-20,NI_480,Testigo,1985
1173,2020-06-01,NI_480,Testigo,2696
1174,2020-06-10,NI_480,Testigo,3472
1175,2020-06-20,NI_480,Testigo,4178
1176,2020-07-01,NI_480,Testigo,5049
1177,2020-07-10,NI_480,Testigo,5532
1178,2020-07-20,NI_480,Testigo,5510
1179,2020-08-01,NI_480,Testigo,5074
1180,2020-08-10,NI_480,Testigo,4574
1181,2020-08-20,NI_480,Testigo,4143
1182,2020-09-01,NI_480,Testigo,3996
1183,2020-09-10,NI_480,Testigo,4180
1184,2020-09-20,NI_480,Testigo,4685
1185,2020-10-01,NI_480,Testigo,5303
1186,2020-10-10,NI_480,Testigo,5765
1187,2020-10-20,NI_480,Testigo,5882
1188,2020-11-01,NI_480,Testigo,5796
1189,2020-11-10,NI_480,Testigo,5613
1190,2020-11-20,NI_480,Testigo,5327
1191,2020-12-01,NI_480,Testigo,5035
1192,2020-12-10,NI_480,Testigo,4743
1193,2020-12-20,NI_480,Testigo,4513
1194,2021-01-01,NI_480,Testigo,4377
1195,2021-01-10,NI_480,Testigo,4270
1196,2021-01-20,NI_480,Testigo,4166
1197,2021-02-01,NI_480,Testigo,4068
1198,2021-02-10,NI_480,Testigo,3956
1199,2021-02-20,NI_480,Testigo,3837
1200,2021-03-01,NI_480,Testigo,3737
1201,2021-03-10,NI_480,Testigo,3600
1202,2021-03-20,NI_480,Testigo,3237
1203,2021-04-01,NI_480,Testigo,2740
1204,2021-04-10,NI_480,Testigo,2257
1205,2021-04-20,NI_480,Testigo,1819
1206,2021-05-01,NI_480,Testigo,1647
1207,2021-05-10,NI_480,Testigo,1661
1208,2021-05-20,NI_480,Testigo,1789
1209,2021-06-01,NI_480,Testigo,2166
1210,2021-06-10,NI_480,Testigo,2710
1211,2021-06-20,NI_480,Testigo,3408
1212,2021-07-01,NI_480,Testigo,3993
1213,2021-07-10,NI_480,Testigo,4569
1214,2021-07-20,NI_480,Testigo,4884
1215,2021-08-01,NI_480,Testigo,4908
1216,2021-08-10,NI_480,Testigo,4837
1217,2021-08-20,NI_480,Testigo,4699
1218,2021-09-01,NI_480,Testigo,4517
1219,2021-09-10,NI_480,Testigo,4399
1220,2021-09-20,NI_480,Testigo,4326
1221,2021-10-01,NI_480,Testigo,4259
1222,2021-10-10,NI_480,Testigo,4211
1223,2021-10-20,NI_480,Testigo,4231
1224,2021-11-01,NI_480,Testigo,4269
1225,2021-11-10,NI_480,Testigo,4271
1226,2021-11-20,NI_480,Testigo,4216
1227,2021-12-01,NI_480,Testigo,4091
1228,2021-12-10,NI_480,Testigo,4084
1229,2021-12-20,NI_480,Testigo,4084
1230,2015-03-01,448-201270-0000H,Testigo,1589
1231,2015-03-10,448-201270-0000H,Testigo,1577
1232,2015-03-20,448-201270-0000H,Testigo,1550
1233,2015-04-01,448-201270-0000H,Testigo,1522
1234,2015-04-10,448-201270-0000H,Testigo,1519
1235,2015-04-20,448-201270-0000H,Testigo,1550
1236,2015-05-01,448-201270-0000H,Testigo,1628
1237,2015-05-10,448-201270-0000H,Testigo,1740
1238,2015-05-20,448-201270-0000H,Testigo,1890
1239,2015-06-01,448-201270-0000H,Testigo,2082
1240,2015-06-10,448-201270-0000H,Testigo,2290
1241,2015-06-20,448-201270-0000H,Testigo,2508
1242,2015-07-01,448-201270-0000H,Testigo,2740
1243,2015-07-10,448-201270-0000H,Testigo,2967
1244,2015-07-20,448-201270-0000H,Testigo,3194
1245,2015-08-01,448-201270-0000H,Testigo,3397
1246,2015-08-10,448-201270-0000H,Testigo,3589
1247,2015-08-20,448-201270-0000H,Testigo,3780
1248,2015-09-01,448-201270-0000H,Testigo,3973
1249,2015-09-10,448-201270-0000H,Testigo,4126
1250,2015-09-20,448-201270-0000H,Testigo,4269
1251,2015-10-01,448-201270-0000H,Testigo,4383
1252,2015-10-10,448-201270-0000H,Testigo,4475
1253,2015-10-20,448-201270-0000H,Testigo,4562
1254,2015-11-01,448-201270-0000H,Testigo,4650
1255,2015-11-10,448-201270-0000H,Testigo,4739
1256,2015-11-20,448-201270-0000H,Testigo,4801
1257,2015-12-01,448-201270-0000H,Testigo,4835
1258,2015-12-10,448-201270-0000H,Testigo,4825
1259,2015-12-20,448-201270-0000H,Testigo,4601
1260,2016-01-01,448-201270-0000H,Testigo,4180
1261,2016-01-10,448-201270-0000H,Testigo,3671
1262,2016-01-20,448-201270-0000H,Testigo,3194
1263,2016-02-01,448-201270-0000H,Testigo,2854
1264,2016-02-10,448-201270-0000H,Testigo,2581
1265,2016-02-20,448-201270-0000H,Testigo,2367
1266,2016-03-01,448-201270-0000H,Testigo,2493
1267,2016-03-10,448-201270-0000H,Testigo,2415
1268,2016-03-20,448-201270-0000H,Testigo,2380
1269,2016-04-01,448-201270-0000H,Testigo,2413
1270,2016-04-10,448-201270-0000H,Testigo,2509
1271,2016-04-20,448-201270-0000H,Testigo,2692
1272,2016-05-01,448-201270-0000H,Testigo,3048
1273,2016-05-10,448-201270-0000H,Testigo,3485
1274,2016-05-20,448-201270-0000H,Testigo,3941
1275,2016-06-01,448-201270-0000H,Testigo,4363
1276,2016-06-10,448-201270-0000H,Testigo,4727
1277,2016-06-20,448-201270-0000H,Testigo,4996
1278,2016-07-01,448-201270-0000H,Testigo,5165
1279,2016-07-10,448-201270-0000H,Testigo,5222
1280,2016-07-20,448-201270-0000H,Testigo,5218
1281,2016-08-01,448-201270-0000H,Testigo,5149
1282,2016-08-10,448-201270-0000H,Testigo,4964
1283,2016-08-20,448-201270-0000H,Testigo,4715
1284,2016-09-01,448-201270-0000H,Testigo,4458
1285,2016-09-10,448-201270-0000H,Testigo,4252
1286,2016-09-20,448-201270-0000H,Testigo,4125
1287,2016-10-01,448-201270-0000H,Testigo,4055
1288,2016-10-10,448-201270-0000H,Testigo,4036
1289,2016-10-20,448-201270-0000H,Testigo,4061
1290,2016-11-01,448-201270-0000H,Testigo,4132
1291,2016-11-10,448-201270-0000H,Testigo,4255
1292,2016-11-20,448-201270-0000H,Testigo,4375
1293,2016-12-01,448-201270-0000H,Testigo,4461
1294,2016-12-10,448-201270-0000H,Testigo,4484
1295,2016-12-20,448-201270-0000H,Testigo,4301
1296,2017-01-01,448-201270-0000H,Testigo,3799
1297,2017-01-10,448-201270-0000H,Testigo,3188
1298,2017-01-20,448-201270-0000H,Testigo,2649
1299,2017-02-01,448-201270-0000H,Testigo,2078
1300,2017-02-10,448-201270-0000H,Testigo,1589
1301,2017-02-20,448-201270-0000H,Testigo,1245
1302,2017-03-01,448-201270-0000H,Testigo,1165
1303,2017-03-10,448-201270-0000H,Testigo,1130
1304,2017-03-20,448-201270-0000H,Testigo,1122
1305,2017-04-01,448-201270-0000H,Testigo,1369
1306,2017-04-10,448-201270-0000H,Testigo,1854
1307,2017-04-20,448-201270-0000H,Testigo,2414
1308,2017-05-01,448-201270-0000H,Testigo,3109
1309,2017-05-10,448-201270-0000H,Testigo,3615
1310,2017-05-20,448-201270-0000H,Testigo,4057
1311,2017-06-01,448-201270-0000H,Testigo,4402
1312,2017-06-10,448-201270-0000H,Testigo,4677
1313,2017-06-20,448-201270-0000H,Testigo,4906
1314,2017-07-01,448-201270-0000H,Testigo,5121
1315,2017-07-10,448-201270-0000H,Testigo,5295
1316,2017-07-20,448-201270-0000H,Testigo,5477
1317,2017-08-01,448-201270-0000H,Testigo,5668
1318,2017-08-10,448-201270-0000H,Testigo,5824
1319,2017-08-20,448-201270-0000H,Testigo,5937
1320,2017-09-01,448-201270-0000H,Testigo,5994
1321,2017-09-10,448-201270-0000H,Testigo,6020
1322,2017-09-20,448-201270-0000H,Testigo,6028
1323,2017-10-01,448-201270-0000H,Testigo,6006
1324,2017-10-10,448-201270-0000H,Testigo,5961
1325,2017-10-20,448-201270-0000H,Testigo,5881
1326,2017-11-01,448-201270-0000H,Testigo,5758
1327,2017-11-10,448-201270-0000H,Testigo,5596
1328,2017-11-20,448-201270-0000H,Testigo,5341
1329,2017-12-01,448-201270-0000H,Testigo,4985
1330,2017-12-10,448-201270-0000H,Testigo,4598
1331,2017-12-20,448-201270-0000H,Testigo,4211
1332,2018-01-01,448-201270-0000H,Testigo,3923
1333,2018-01-10,448-201270-0000H,Testigo,3734
1334,2018-01-20,448-201270-0000H,Testigo,3555
1335,2018-02-01,448-201270-0000H,Testigo,3317
1336,2018-02-10,448-201270-0000H,Testigo,2930
1337,2018-02-20,448-201270-0000H,Testigo,2511
1338,2018-03-01,448-201270-0000H,Testigo,2067
1339,2018-03-10,448-201270-0000H,Testigo,1544
1340,2018-03-20,448-201270-0000H,Testigo,1122
1341,2018-04-01,448-201270-0000H,Testigo,825
1342,2018-04-10,448-201270-0000H,Testigo,736
1343,2018-04-20,448-201270-0000H,Testigo,758
1344,2018-05-01,448-201270-0000H,Testigo,896
1345,2018-05-10,448-201270-0000H,Testigo,1323
1346,2018-05-20,448-201270-0000H,Testigo,2018
1347,2018-06-01,448-201270-0000H,Testigo,2824
1348,2018-06-10,448-201270-0000H,Testigo,3700
1349,2018-06-20,448-201270-0000H,Testigo,4515
1350,2018-07-01,448-201270-0000H,Testigo,5214
1351,2018-07-10,448-201270-0000H,Testigo,5532
1352,2018-07-20,448-201270-0000H,Testigo,5525
1353,2018-08-01,448-201270-0000H,Testigo,5133
1354,2018-08-10,448-201270-0000H,Testigo,4686
1355,2018-08-20,448-201270-0000H,Testigo,4376
1356,2018-09-01,448-201270-0000H,Testigo,4351
1357,2018-09-10,448-201270-0000H,Testigo,4376
1358,2018-09-20,448-201270-0000H,Testigo,4439
1359,2018-10-01,448-201270-0000H,Testigo,4542
1360,2018-10-10,448-201270-0000H,Testigo,4661
1361,2018-10-20,448-201270-0000H,Testigo,4784
1362,2018-11-01,448-201270-0000H,Testigo,4927
1363,2018-11-10,448-201270-0000H,Testigo,5183
1364,2018-11-20,448-201270-0000H,Testigo,5435
1365,2018-12-01,448-201270-0000H,Testigo,5629
1366,2018-12-10,448-201270-0000H,Testigo,5719
1367,2018-12-20,448-201270-0000H,Testigo,5630
1368,2019-01-01,448-201270-0000H,Testigo,5256
1369,2019-01-10,448-201270-0000H,Testigo,4780
1370,2019-01-20,448-201270-0000H,Testigo,4211
1371,2019-02-01,448-201270-0000H,Testigo,3456
1372,2019-02-10,448-201270-0000H,Testigo,2900
1373,2019-02-20,448-201270-0000H,Testigo,2528
1374,2019-03-01,448-201270-0000H,Testigo,2028
1375,2019-03-10,448-201270-0000H,Testigo,1668
1376,2019-03-20,448-201270-0000H,Testigo,1352
1377,2019-04-01,448-201270-0000H,Testigo,1114
1378,2019-04-10,448-201270-0000H,Testigo,992
1379,2019-04-20,448-201270-0000H,Testigo,967
1380,2019-05-01,448-201270-0000H,Testigo,1017
1381,2019-05-10,448-201270-0000H,Testigo,1364
1382,2019-05-20,448-201270-0000H,Testigo,2061
1383,2019-06-01,448-201270-0000H,Testigo,2951
1384,2019-06-10,448-201270-0000H,Testigo,3860
1385,2019-06-20,448-201270-0000H,Testigo,4758
1386,2019-07-01,448-201270-0000H,Testigo,5353
1387,2019-07-10,448-201270-0000H,Testigo,5481
1388,2019-07-20,448-201270-0000H,Testigo,5435
1389,2019-08-01,448-201270-0000H,Testigo,5389
1390,2019-08-10,448-201270-0000H,Testigo,5298
1391,2019-08-20,448-201270-0000H,Testigo,5191
1392,2019-09-01,448-201270-0000H,Testigo,5067
1393,2019-09-10,448-201270-0000H,Testigo,4946
1394,2019-09-20,448-201270-0000H,Testigo,4831
1395,2019-10-01,448-201270-0000H,Testigo,4735
1396,2019-10-10,448-201270-0000H,Testigo,4683
1397,2019-10-20,448-201270-0000H,Testigo,4661
1398,2019-11-01,448-201270-0000H,Testigo,4795
1399,2019-11-10,448-201270-0000H,Testigo,5217
1400,2019-11-20,448-201270-0000H,Testigo,5585
1401,2019-12-01,448-201270-0000H,Testigo,5795
1402,2019-12-10,448-201270-0000H,Testigo,5666
1403,2019-12-20,448-201270-0000H,Testigo,5189
1404,2020-01-01,448-201270-0000H,Testigo,4653
1405,2020-01-10,448-201270-0000H,Testigo,3936
1406,2020-01-20,448-201270-0000H,Testigo,3091
1407,2020-02-01,448-201270-0000H,Testigo,2372
1408,2020-02-10,448-201270-0000H,Testigo,1744
1409,2020-02-20,448-201270-0000H,Testigo,1382
1410,2020-03-01,448-201270-0000H,Testigo,1111
1411,2020-03-10,448-201270-0000H,Testigo,925
1412,2020-03-20,448-201270-0000H,Testigo,759
1413,2020-04-01,448-201270-0000H,Testigo,629
1414,2020-04-10,448-201270-0000H,Testigo,546
1415,2020-04-20,448-201270-0000H,Testigo,561
1416,2020-05-01,448-201270-0000H,Testigo,575
1417,2020-05-10,448-201270-0000H,Testigo,797
1418,2020-05-20,448-201270-0000H,Testigo,1303
1419,2020-06-01,448-201270-0000H,Testigo,2076
1420,2020-06-10,448-201270-0000H,Testigo,3034
1421,2020-06-20,448-201270-0000H,Testigo,3901
1422,2020-07-01,448-201270-0000H,Testigo,4817
1423,2020-07-10,448-201270-0000H,Testigo,5448
1424,2020-07-20,448-201270-0000H,Testigo,5686
1425,2020-08-01,448-201270-0000H,Testigo,5607
1426,2020-08-10,448-201270-0000H,Testigo,5536
1427,2020-08-20,448-201270-0000H,Testigo,5460
1428,2020-09-01,448-201270-0000H,Testigo,5373
1429,2020-09-10,448-201270-0000H,Testigo,5258
1430,2020-09-20,448-201270-0000H,Testigo,5103
1431,2020-10-01,448-201270-0000H,Testigo,4917
1432,2020-10-10,448-201270-0000H,Testigo,4762
1433,2020-10-20,448-201270-0000H,Testigo,4695
1434,2020-11-01,448-201270-0000H,Testigo,4705
1435,2020-11-10,448-201270-0000H,Testigo,4825
1436,2020-11-20,448-201270-0000H,Testigo,5013
1437,2020-12-01,448-201270-0000H,Testigo,5226
1438,2020-12-10,448-201270-0000H,Testigo,5374
1439,2020-12-20,448-201270-0000H,Testigo,5382
1440,2021-01-01,448-201270-0000H,Testigo,5062
1441,2021-01-10,448-201270-0000H,Testigo,4522
1442,2021-01-20,448-201270-0000H,Testigo,3816
1443,2021-02-01,448-201270-0000H,Testigo,3108
1444,2021-02-10,448-201270-0000H,Testigo,2708
1445,2021-02-20,448-201270-0000H,Testigo,2422
1446,2021-03-01,448-201270-0000H,Testigo,1784
1447,2021-03-10,448-201270-0000H,Testigo,1565
1448,2021-03-20,448-201270-0000H,Testigo,1380
1449,2021-04-01,448-201270-0000H,Testigo,1225
1450,2021-04-10,448-201270-0000H,Testigo,1115
1451,2021-04-20,448-201270-0000H,Testigo,1014
1452,2021-05-01,448-201270-0000H,Testigo,1030
1453,2021-05-10,448-201270-0000H,Testigo,1097
1454,2021-05-20,448-201270-0000H,Testigo,1273
1455,2021-06-01,448-201270-0000H,Testigo,1699
1456,2021-06-10,448-201270-0000H,Testigo,2325
1457,2021-06-20,448-201270-0000H,Testigo,2947
1458,2021-07-01,448-201270-0000H,Testigo,3604
1459,2021-07-10,448-201270-0000H,Testigo,3993
1460,2021-07-20,448-201270-0000H,Testigo,4137
1461,2021-08-01,448-201270-0000H,Testigo,4116
1462,2021-08-10,448-201270-0000H,Testigo,4154
1463,2021-08-20,448-201270-0000H,Testigo,4153
1464,2021-09-01,448-201270-0000H,Testigo,4281
1465,2021-09-10,448-201270-0000H,Testigo,4692
1466,2021-09-20,448-201270-0000H,Testigo,5343
1467,2021-10-01,448-201270-0000H,Testigo,5952
1468,2021-10-10,448-201270-0000H,Testigo,6238
1469,2021-10-20,448-201270-0000H,Testigo,6157
1470,2021-11-01,448-201270-0000H,Testigo,5779
1471,2021-11-10,448-201270-0000H,Testigo,5240
1472,2021-11-20,448-201270-0000H,Testigo,4787
1473,2021-12-01,448-201270-0000H,Testigo,4438
1474,2021-12-10,448-201270-0000H,Testigo,4423
1475,2021-12-20,448-201270-0000H,Testigo,4423
1476,2015-03-01,NI_660,Testigo,3031
1477,2015-03-10,NI_660,Testigo,2963
1478,2015-03-20,NI_660,Testigo,2855
1479,2015-04-01,NI_660,Testigo,2729
1480,2015-04-10,NI_660,Testigo,2614
1481,2015-04-20,NI_660,Testigo,2559
1482,2015-05-01,NI_660,Testigo,2565
1483,2015-05-10,NI_660,Testigo,2655
1484,2015-05-20,NI_660,Testigo,2818
1485,2015-06-01,NI_660,Testigo,3134
1486,2015-06-10,NI_660,Testigo,3476
1487,2015-06-20,NI_660,Testigo,3746
1488,2015-07-01,NI_660,Testigo,4122
1489,2015-07-10,NI_660,Testigo,4562
1490,2015-07-20,NI_660,Testigo,5022
1491,2015-08-01,NI_660,Testigo,5379
1492,2015-08-10,NI_660,Testigo,5589
1493,2015-08-20,NI_660,Testigo,5751
1494,2015-09-01,NI_660,Testigo,5851
1495,2015-09-10,NI_660,Testigo,5905
1496,2015-09-20,NI_660,Testigo,5925
1497,2015-10-01,NI_660,Testigo,5911
1498,2015-10-10,NI_660,Testigo,5828
1499,2015-10-20,NI_660,Testigo,5611
1500,2015-11-01,NI_660,Testigo,5268
1501,2015-11-10,NI_660,Testigo,4968
1502,2015-11-20,NI_660,Testigo,4633
1503,2015-12-01,NI_660,Testigo,4316
1504,2015-12-10,NI_660,Testigo,3972
1505,2015-12-20,NI_660,Testigo,3638
1506,2016-01-01,NI_660,Testigo,3383
1507,2016-01-10,NI_660,Testigo,3148
1508,2016-01-20,NI_660,Testigo,2894
1509,2016-02-01,NI_660,Testigo,2651
1510,2016-02-10,NI_660,Testigo,2370
1511,2016-02-20,NI_660,Testigo,2007
1512,2016-03-01,NI_660,Testigo,1985
1513,2016-03-10,NI_660,Testigo,1752
1514,2016-03-20,NI_660,Testigo,1525
1515,2016-04-01,NI_660,Testigo,1495
1516,2016-04-10,NI_660,Testigo,1532
1517,2016-04-20,NI_660,Testigo,1685
1518,2016-05-01,NI_660,Testigo,2045
1519,2016-05-10,NI_660,Testigo,2509
1520,2016-05-20,NI_660,Testigo,3180
1521,2016-06-01,NI_660,Testigo,3706
1522,2016-06-10,NI_660,Testigo,4154
1523,2016-06-20,NI_660,Testigo,4631
1524,2016-07-01,NI_660,Testigo,5106
1525,2016-07-10,NI_660,Testigo,5450
1526,2016-07-20,NI_660,Testigo,5670
1527,2016-08-01,NI_660,Testigo,5807
1528,2016-08-10,NI_660,Testigo,5864
1529,2016-08-20,NI_660,Testigo,5907
1530,2016-09-01,NI_660,Testigo,5950
1531,2016-09-10,NI_660,Testigo,5993
1532,2016-09-20,NI_660,Testigo,6056
1533,2016-10-01,NI_660,Testigo,6128
1534,2016-10-10,NI_660,Testigo,6197
1535,2016-10-20,NI_660,Testigo,6242
1536,2016-11-01,NI_660,Testigo,6250
1537,2016-11-10,NI_660,Testigo,6218
1538,2016-11-20,NI_660,Testigo,6129
1539,2016-12-01,NI_660,Testigo,5960
1540,2016-12-10,NI_660,Testigo,5677
1541,2016-12-20,NI_660,Testigo,5287
1542,2017-01-01,NI_660,Testigo,4834
1543,2017-01-10,NI_660,Testigo,4285
1544,2017-01-20,NI_660,Testigo,3578
1545,2017-02-01,NI_660,Testigo,2852
1546,2017-02-10,NI_660,Testigo,2278
1547,2017-02-20,NI_660,Testigo,1620
1548,2017-03-01,NI_660,Testigo,1270
1549,2017-03-10,NI_660,Testigo,1016
1550,2017-03-20,NI_660,Testigo,946
1551,2017-04-01,NI_660,Testigo,1007
1552,2017-04-10,NI_660,Testigo,1276
1553,2017-04-20,NI_660,Testigo,1790
1554,2017-05-01,NI_660,Testigo,2352
1555,2017-05-10,NI_660,Testigo,2914
1556,2017-05-20,NI_660,Testigo,3506
1557,2017-06-01,NI_660,Testigo,4140
1558,2017-06-10,NI_660,Testigo,4629
1559,2017-06-20,NI_660,Testigo,5041
1560,2017-07-01,NI_660,Testigo,5373
1561,2017-07-10,NI_660,Testigo,5604
1562,2017-07-20,NI_660,Testigo,5786
1563,2017-08-01,NI_660,Testigo,5904
1564,2017-08-10,NI_660,Testigo,5993
1565,2017-08-20,NI_660,Testigo,6028
1566,2017-09-01,NI_660,Testigo,6043
1567,2017-09-10,NI_660,Testigo,6039
1568,2017-09-20,NI_660,Testigo,6005
1569,2017-10-01,NI_660,Testigo,5941
1570,2017-10-10,NI_660,Testigo,5864
1571,2017-10-20,NI_660,Testigo,5763
1572,2017-11-01,NI_660,Testigo,5647
1573,2017-11-10,NI_660,Testigo,5525
1574,2017-11-20,NI_660,Testigo,5436
1575,2017-12-01,NI_660,Testigo,5381
1576,2017-12-10,NI_660,Testigo,5419
1577,2017-12-20,NI_660,Testigo,5402
1578,2018-01-01,NI_660,Testigo,5330
1579,2018-01-10,NI_660,Testigo,5207
1580,2018-01-20,NI_660,Testigo,5008
1581,2018-02-01,NI_660,Testigo,4667
1582,2018-02-10,NI_660,Testigo,4212
1583,2018-02-20,NI_660,Testigo,3711
1584,2018-03-01,NI_660,Testigo,3114
1585,2018-03-10,NI_660,Testigo,2820
1586,2018-03-20,NI_660,Testigo,2569
1587,2018-04-01,NI_660,Testigo,2367
1588,2018-04-10,NI_660,Testigo,2208
1589,2018-04-20,NI_660,Testigo,2019
1590,2018-05-01,NI_660,Testigo,1859
1591,2018-05-10,NI_660,Testigo,1844
1592,2018-05-20,NI_660,Testigo,1855
1593,2018-06-01,NI_660,Testigo,2221
1594,2018-06-10,NI_660,Testigo,2864
1595,2018-06-20,NI_660,Testigo,3758
1596,2018-07-01,NI_660,Testigo,4528
1597,2018-07-10,NI_660,Testigo,5460
1598,2018-07-20,NI_660,Testigo,5891
1599,2018-08-01,NI_660,Testigo,5786
1600,2018-08-10,NI_660,Testigo,5327
1601,2018-08-20,NI_660,Testigo,4948
1602,2018-09-01,NI_660,Testigo,4674
1603,2018-09-10,NI_660,Testigo,4613
1604,2018-09-20,NI_660,Testigo,4618
1605,2018-10-01,NI_660,Testigo,4707
1606,2018-10-10,NI_660,Testigo,4972
1607,2018-10-20,NI_660,Testigo,5249
1608,2018-11-01,NI_660,Testigo,5443
1609,2018-11-10,NI_660,Testigo,5533
1610,2018-11-20,NI_660,Testigo,5406
1611,2018-12-01,NI_660,Testigo,5059
1612,2018-12-10,NI_660,Testigo,4680
1613,2018-12-20,NI_660,Testigo,4458
1614,2019-01-01,NI_660,Testigo,4352
1615,2019-01-10,NI_660,Testigo,4273
1616,2019-01-20,NI_660,Testigo,3956
1617,2019-02-01,NI_660,Testigo,3300
1618,2019-02-10,NI_660,Testigo,2431
1619,2019-02-20,NI_660,Testigo,1823
1620,2019-03-01,NI_660,Testigo,1355
1621,2019-03-10,NI_660,Testigo,1183
1622,2019-03-20,NI_660,Testigo,1101
1623,2019-04-01,NI_660,Testigo,1107
1624,2019-04-10,NI_660,Testigo,1167
1625,2019-04-20,NI_660,Testigo,1295
1626,2019-05-01,NI_660,Testigo,1451
1627,2019-05-10,NI_660,Testigo,1779
1628,2019-05-20,NI_660,Testigo,2232
1629,2019-06-01,NI_660,Testigo,2783
1630,2019-06-10,NI_660,Testigo,3351
1631,2019-06-20,NI_660,Testigo,3749
1632,2019-07-01,NI_660,Testigo,4137
1633,2019-07-10,NI_660,Testigo,4495
1634,2019-07-20,NI_660,Testigo,4821
1635,2019-08-01,NI_660,Testigo,5020
1636,2019-08-10,NI_660,Testigo,5094
1637,2019-08-20,NI_660,Testigo,5013
1638,2019-09-01,NI_660,Testigo,4768
1639,2019-09-10,NI_660,Testigo,4516
1640,2019-09-20,NI_660,Testigo,4417
1641,2019-10-01,NI_660,Testigo,4388
1642,2019-10-10,NI_660,Testigo,4567
1643,2019-10-20,NI_660,Testigo,5030
1644,2019-11-01,NI_660,Testigo,5624
1645,2019-11-10,NI_660,Testigo,6010
1646,2019-11-20,NI_660,Testigo,6089
1647,2019-12-01,NI_660,Testigo,5777
1648,2019-12-10,NI_660,Testigo,5298
1649,2019-12-20,NI_660,Testigo,4892
1650,2020-01-01,NI_660,Testigo,4529
1651,2020-01-10,NI_660,Testigo,4191
1652,2020-01-20,NI_660,Testigo,3784
1653,2020-02-01,NI_660,Testigo,3339
1654,2020-02-10,NI_660,Testigo,2917
1655,2020-02-20,NI_660,Testigo,2451
1656,2020-03-01,NI_660,Testigo,1849
1657,2020-03-10,NI_660,Testigo,1589
1658,2020-03-20,NI_660,Testigo,1392
1659,2020-04-01,NI_660,Testigo,1266
1660,2020-04-10,NI_660,Testigo,1221
1661,2020-04-20,NI_660,Testigo,1233
1662,2020-05-01,NI_660,Testigo,1389
1663,2020-05-10,NI_660,Testigo,1824
1664,2020-05-20,NI_660,Testigo,2446
1665,2020-06-01,NI_660,Testigo,3278
1666,2020-06-10,NI_660,Testigo,4093
1667,2020-06-20,NI_660,Testigo,4958
1668,2020-07-01,NI_660,Testigo,5525
1669,2020-07-10,NI_660,Testigo,5910
1670,2020-07-20,NI_660,Testigo,6052
1671,2020-08-01,NI_660,Testigo,6037
1672,2020-08-10,NI_660,Testigo,5866
1673,2020-08-20,NI_660,Testigo,5684
1674,2020-09-01,NI_660,Testigo,5559
1675,2020-09-10,NI_660,Testigo,5511
1676,2020-09-20,NI_660,Testigo,5617
1677,2020-10-01,NI_660,Testigo,5989
1678,2020-10-10,NI_660,Testigo,6332
1679,2020-10-20,NI_660,Testigo,6456
1680,2020-11-01,NI_660,Testigo,6412
1681,2020-11-10,NI_660,Testigo,6290
1682,2020-11-20,NI_660,Testigo,6116
1683,2020-12-01,NI_660,Testigo,5920
1684,2020-12-10,NI_660,Testigo,5673
1685,2020-12-20,NI_660,Testigo,5434
1686,2021-01-01,NI_660,Testigo,5186
1687,2021-01-10,NI_660,Testigo,4969
1688,2021-01-20,NI_660,Testigo,4755
1689,2021-02-01,NI_660,Testigo,4520
1690,2021-02-10,NI_660,Testigo,4264
1691,2021-02-20,NI_660,Testigo,4012
1692,2021-03-01,NI_660,Testigo,3699
1693,2021-03-10,NI_660,Testigo,3522
1694,2021-03-20,NI_660,Testigo,3266
1695,2021-04-01,NI_660,Testigo,2942
1696,2021-04-10,NI_660,Testigo,2633
1697,2021-04-20,NI_660,Testigo,2322
1698,2021-05-01,NI_660,Testigo,2178
1699,2021-05-10,NI_660,Testigo,2228
1700,2021-05-20,NI_660,Testigo,2537
1701,2021-06-01,NI_660,Testigo,3046
1702,2021-06-10,NI_660,Testigo,3862
1703,2021-06-20,NI_660,Testigo,4633
1704,2021-07-01,NI_660,Testigo,5454
1705,2021-07-10,NI_660,Testigo,5963
1706,2021-07-20,NI_660,Testigo,6230
1707,2021-08-01,NI_660,Testigo,6161
1708,2021-08-10,NI_660,Testigo,5832
1709,2021-08-20,NI_660,Testigo,5489
1710,2021-09-01,NI_660,Testigo,5164
1711,2021-09-10,NI_660,Testigo,4774
1712,2021-09-20,NI_660,Testigo,4478
1713,2021-10-01,NI_660,Testigo,4248
1714,2021-10-10,NI_660,Testigo,4195
1715,2021-10-20,NI_660,Testigo,4219
1716,2021-11-01,NI_660,Testigo,4356
1717,2021-11-10,NI_660,Testigo,4518
1718,2021-11-20,NI_660,Testigo,4585
1719,2021-12-01,NI_660,Testigo,4589
1720,2021-12-10,NI_660,Testigo,4589
1721,2021-12-20,NI_660,Testigo,4589
1722,2015-03-01,NI_697,Testigo,1723
1723,2015-03-10,NI_697,Testigo,1802
1724,2015-03-20,NI_697,Testigo,1907
1725,2015-04-01,NI_697,Testigo,2039
1726,2015-04-10,NI_697,Testigo,2218
1727,2015-04-20,NI_697,Testigo,2428
1728,2015-05-01,NI_697,Testigo,2676
1729,2015-05-10,NI_697,Testigo,2946
1730,2015-05-20,NI_697,Testigo,3172
1731,2015-06-01,NI_697,Testigo,3380
1732,2015-06-10,NI_697,Testigo,3549
1733,2015-06-20,NI_697,Testigo,3660
1734,2015-07-01,NI_697,Testigo,3763
1735,2015-07-10,NI_697,Testigo,3845
1736,2015-07-20,NI_697,Testigo,3923
1737,2015-08-01,NI_697,Testigo,3999
1738,2015-08-10,NI_697,Testigo,4080
1739,2015-08-20,NI_697,Testigo,4179
1740,2015-09-01,NI_697,Testigo,4296
1741,2015-09-10,NI_697,Testigo,4448
1742,2015-09-20,NI_697,Testigo,4605
1743,2015-10-01,NI_697,Testigo,4771
1744,2015-10-10,NI_697,Testigo,4924
1745,2015-10-20,NI_697,Testigo,5080
1746,2015-11-01,NI_697,Testigo,5231
1747,2015-11-10,NI_697,Testigo,5350
1748,2015-11-20,NI_697,Testigo,5421
1749,2015-12-01,NI_697,Testigo,5432
1750,2015-12-10,NI_697,Testigo,5160
1751,2015-12-20,NI_697,Testigo,4678
1752,2016-01-01,NI_697,Testigo,4047
1753,2016-01-10,NI_697,Testigo,3317
1754,2016-01-20,NI_697,Testigo,2789
1755,2016-02-01,NI_697,Testigo,2407
1756,2016-02-10,NI_697,Testigo,2050
1757,2016-02-20,NI_697,Testigo,1754
1758,2016-03-01,NI_697,Testigo,1637
1759,2016-03-10,NI_697,Testigo,1483
1760,2016-03-20,NI_697,Testigo,1326
1761,2016-04-01,NI_697,Testigo,1239
1762,2016-04-10,NI_697,Testigo,1247
1763,2016-04-20,NI_697,Testigo,1284
1764,2016-05-01,NI_697,Testigo,1468
1765,2016-05-10,NI_697,Testigo,1938
1766,2016-05-20,NI_697,Testigo,2406
1767,2016-06-01,NI_697,Testigo,2993
1768,2016-06-10,NI_697,Testigo,3441
1769,2016-06-20,NI_697,Testigo,3758
1770,2016-07-01,NI_697,Testigo,4020
1771,2016-07-10,NI_697,Testigo,4225
1772,2016-07-20,NI_697,Testigo,4316
1773,2016-08-01,NI_697,Testigo,4335
1774,2016-08-10,NI_697,Testigo,4303
1775,2016-08-20,NI_697,Testigo,4245
1776,2016-09-01,NI_697,Testigo,4196
1777,2016-09-10,NI_697,Testigo,4181
1778,2016-09-20,NI_697,Testigo,4201
1779,2016-10-01,NI_697,Testigo,4277
1780,2016-10-10,NI_697,Testigo,4457
1781,2016-10-20,NI_697,Testigo,4730
1782,2016-11-01,NI_697,Testigo,5005
1783,2016-11-10,NI_697,Testigo,5148
1784,2016-11-20,NI_697,Testigo,5171
1785,2016-12-01,NI_697,Testigo,5060
1786,2016-12-10,NI_697,Testigo,4770
1787,2016-12-20,NI_697,Testigo,4307
1788,2017-01-01,NI_697,Testigo,3683
1789,2017-01-10,NI_697,Testigo,3108
1790,2017-01-20,NI_697,Testigo,2658
1791,2017-02-01,NI_697,Testigo,2190
1792,2017-02-10,NI_697,Testigo,1723
1793,2017-02-20,NI_697,Testigo,1397
1794,2017-03-01,NI_697,Testigo,1202
1795,2017-03-10,NI_697,Testigo,1139
1796,2017-03-20,NI_697,Testigo,1131
1797,2017-04-01,NI_697,Testigo,1165
1798,2017-04-10,NI_697,Testigo,1586
1799,2017-04-20,NI_697,Testigo,2147
1800,2017-05-01,NI_697,Testigo,2828
1801,2017-05-10,NI_697,Testigo,3486
1802,2017-05-20,NI_697,Testigo,3982
1803,2017-06-01,NI_697,Testigo,4497
1804,2017-06-10,NI_697,Testigo,4877
1805,2017-06-20,NI_697,Testigo,5063
1806,2017-07-01,NI_697,Testigo,5095
1807,2017-07-10,NI_697,Testigo,5097
1808,2017-07-20,NI_697,Testigo,5099
1809,2017-08-01,NI_697,Testigo,5103
1810,2017-08-10,NI_697,Testigo,5134
1811,2017-08-20,NI_697,Testigo,5210
1812,2017-09-01,NI_697,Testigo,5341
1813,2017-09-10,NI_697,Testigo,5495
1814,2017-09-20,NI_697,Testigo,5629
1815,2017-10-01,NI_697,Testigo,5725
1816,2017-10-10,NI_697,Testigo,5764
1817,2017-10-20,NI_697,Testigo,5767
1818,2017-11-01,NI_697,Testigo,5711
1819,2017-11-10,NI_697,Testigo,5537
1820,2017-11-20,NI_697,Testigo,5197
1821,2017-12-01,NI_697,Testigo,4790
1822,2017-12-10,NI_697,Testigo,4401
1823,2017-12-20,NI_697,Testigo,4126
1824,2018-01-01,NI_697,Testigo,3982
1825,2018-01-10,NI_697,Testigo,3822
1826,2018-01-20,NI_697,Testigo,3547
1827,2018-02-01,NI_697,Testigo,3256
1828,2018-02-10,NI_697,Testigo,2918
1829,2018-02-20,NI_697,Testigo,2522
1830,2018-03-01,NI_697,Testigo,1971
1831,2018-03-10,NI_697,Testigo,1904
1832,2018-03-20,NI_697,Testigo,1854
1833,2018-04-01,NI_697,Testigo,1841
1834,2018-04-10,NI_697,Testigo,1885
1835,2018-04-20,NI_697,Testigo,1971
1836,2018-05-01,NI_697,Testigo,2095
1837,2018-05-10,NI_697,Testigo,2279
1838,2018-05-20,NI_697,Testigo,2503
1839,2018-06-01,NI_697,Testigo,2798
1840,2018-06-10,NI_697,Testigo,3043
1841,2018-06-20,NI_697,Testigo,3272
1842,2018-07-01,NI_697,Testigo,3459
1843,2018-07-10,NI_697,Testigo,3635
1844,2018-07-20,NI_697,Testigo,3778
1845,2018-08-01,NI_697,Testigo,3888
1846,2018-08-10,NI_697,Testigo,3967
1847,2018-08-20,NI_697,Testigo,4041
1848,2018-09-01,NI_697,Testigo,4124
1849,2018-09-10,NI_697,Testigo,4221
1850,2018-09-20,NI_697,Testigo,4355
1851,2018-10-01,NI_697,Testigo,4600
1852,2018-10-10,NI_697,Testigo,4908
1853,2018-10-20,NI_697,Testigo,5116
1854,2018-11-01,NI_697,Testigo,5174
1855,2018-11-10,NI_697,Testigo,5153
1856,2018-11-20,NI_697,Testigo,4977
1857,2018-12-01,NI_697,Testigo,4642
1858,2018-12-10,NI_697,Testigo,4266
1859,2018-12-20,NI_697,Testigo,3820
1860,2019-01-01,NI_697,Testigo,3313
1861,2019-01-10,NI_697,Testigo,2895
1862,2019-01-20,NI_697,Testigo,2497
1863,2019-02-01,NI_697,Testigo,2143
1864,2019-02-10,NI_697,Testigo,1896
1865,2019-02-20,NI_697,Testigo,1690
1866,2019-03-01,NI_697,Testigo,1488
1867,2019-03-10,NI_697,Testigo,1366
1868,2019-03-20,NI_697,Testigo,1240
1869,2019-04-01,NI_697,Testigo,1140
1870,2019-04-10,NI_697,Testigo,1116
1871,2019-04-20,NI_697,Testigo,1155
1872,2019-05-01,NI_697,Testigo,1229
1873,2019-05-10,NI_697,Testigo,1420
1874,2019-05-20,NI_697,Testigo,1775
1875,2019-06-01,NI_697,Testigo,2178
1876,2019-06-10,NI_697,Testigo,2645
1877,2019-06-20,NI_697,Testigo,3125
1878,2019-07-01,NI_697,Testigo,3473
1879,2019-07-10,NI_697,Testigo,3751
1880,2019-07-20,NI_697,Testigo,4044
1881,2019-08-01,NI_697,Testigo,4342
1882,2019-08-10,NI_697,Testigo,4533
1883,2019-08-20,NI_697,Testigo,4631
1884,2019-09-01,NI_697,Testigo,4677
1885,2019-09-10,NI_697,Testigo,4716
1886,2019-09-20,NI_697,Testigo,4766
1887,2019-10-01,NI_697,Testigo,4848
1888,2019-10-10,NI_697,Testigo,4992
1889,2019-10-20,NI_697,Testigo,5253
1890,2019-11-01,NI_697,Testigo,5522
1891,2019-11-10,NI_697,Testigo,5647
1892,2019-11-20,NI_697,Testigo,5664
1893,2019-12-01,NI_697,Testigo,5457
1894,2019-12-10,NI_697,Testigo,5030
1895,2019-12-20,NI_697,Testigo,4505
1896,2020-01-01,NI_697,Testigo,3754
1897,2020-01-10,NI_697,Testigo,3007
1898,2020-01-20,NI_697,Testigo,2495
1899,2020-02-01,NI_697,Testigo,1941
1900,2020-02-10,NI_697,Testigo,1531
1901,2020-02-20,NI_697,Testigo,1307
1902,2020-03-01,NI_697,Testigo,1147
1903,2020-03-10,NI_697,Testigo,1044
1904,2020-03-20,NI_697,Testigo,945
1905,2020-04-01,NI_697,Testigo,863
1906,2020-04-10,NI_697,Testigo,861
1907,2020-04-20,NI_697,Testigo,830
1908,2020-05-01,NI_697,Testigo,1029
1909,2020-05-10,NI_697,Testigo,1628
1910,2020-05-20,NI_697,Testigo,2436
1911,2020-06-01,NI_697,Testigo,3454
1912,2020-06-10,NI_697,Testigo,4257
1913,2020-06-20,NI_697,Testigo,5068
1914,2020-07-01,NI_697,Testigo,5506
1915,2020-07-10,NI_697,Testigo,5616
1916,2020-07-20,NI_697,Testigo,5664
1917,2020-08-01,NI_697,Testigo,5693
1918,2020-08-10,NI_697,Testigo,5677
1919,2020-08-20,NI_697,Testigo,5636
1920,2020-09-01,NI_697,Testigo,5510
1921,2020-09-10,NI_697,Testigo,5354
1922,2020-09-20,NI_697,Testigo,5274
1923,2020-10-01,NI_697,Testigo,5265
1924,2020-10-10,NI_697,Testigo,5258
1925,2020-10-20,NI_697,Testigo,5262
1926,2020-11-01,NI_697,Testigo,5238
1927,2020-11-10,NI_697,Testigo,5150
1928,2020-11-20,NI_697,Testigo,5013
1929,2020-12-01,NI_697,Testigo,4856
1930,2020-12-10,NI_697,Testigo,4700
1931,2020-12-20,NI_697,Testigo,4562
1932,2021-01-01,NI_697,Testigo,4395
1933,2021-01-10,NI_697,Testigo,4180
1934,2021-01-20,NI_697,Testigo,3911
1935,2021-02-01,NI_697,Testigo,3653
1936,2021-02-10,NI_697,Testigo,3418
1937,2021-02-20,NI_697,Testigo,3155
1938,2021-03-01,NI_697,Testigo,2816
1939,2021-03-10,NI_697,Testigo,2462
1940,2021-03-20,NI_697,Testigo,1961
1941,2021-04-01,NI_697,Testigo,1476
1942,2021-04-10,NI_697,Testigo,1167
1943,2021-04-20,NI_697,Testigo,996
1944,2021-05-01,NI_697,Testigo,963
1945,2021-05-10,NI_697,Testigo,1073
1946,2021-05-20,NI_697,Testigo,1529
1947,2021-06-01,NI_697,Testigo,2231
1948,2021-06-10,NI_697,Testigo,3054
1949,2021-06-20,NI_697,Testigo,3737
1950,2021-07-01,NI_697,Testigo,4308
1951,2021-07-10,NI_697,Testigo,4690
1952,2021-07-20,NI_697,Testigo,4636
1953,2021-08-01,NI_697,Testigo,4282
1954,2021-08-10,NI_697,Testigo,3867
1955,2021-08-20,NI_697,Testigo,3573
1956,2021-09-01,NI_697,Testigo,3510
1957,2021-09-10,NI_697,Testigo,3531
1958,2021-09-20,NI_697,Testigo,3720
1959,2021-10-01,NI_697,Testigo,4140
1960,2021-10-10,NI_697,Testigo,4708
1961,2021-10-20,NI_697,Testigo,5354
1962,2021-11-01,NI_697,Testigo,5813
1963,2021-11-10,NI_697,Testigo,5736
1964,2021-11-20,NI_697,Testigo,5169
1965,2021-12-01,NI_697,Testigo,4687
1966,2021-12-10,NI_697,Testigo,4671
1967,2021-12-20,NI_697,Testigo,4671
