,FieldID,Date,ATdiff,YR
0,NI_295,2016-05-01,-165,2016
1,NI_295,2016-05-10,-217,2016
2,NI_295,2016-05-20,-247,2016
3,NI_295,2016-06-01,-285,2016
4,NI_295,2016-06-10,-274,2016
5,NI_295,2016-06-20,-263,2016
6,NI_295,2016-07-01,-231,2016
7,NI_295,2016-07-10,-192,2016
8,NI_295,2016-07-20,-138,2016
9,NI_295,2016-08-01,-75,2016
10,NI_295,2016-08-10,-26,2016
11,NI_295,2016-08-20,2,2016
12,NI_295,2016-09-01,9,2016
13,NI_295,2016-09-10,-3,2016
14,NI_295,2016-09-20,-48,2016
15,NI_295,2016-10-01,-86,2016
16,NI_295,2016-10-10,-126,2016
17,NI_295,2016-10-20,-150,2016
18,NI_295,2016-11-01,-165,2016
19,NI_295,2016-11-10,-127,2016
20,NI_295,2016-11-20,8,2016
21,NI_295,2016-12-01,161,2016
22,NI_295,2016-12-10,284,2016
23,NI_295,2016-12-20,308,2016
24,NI_295,2017-01-01,302,2016
25,NI_295,2017-01-10,227,2016
26,NI_295,2017-01-20,140,2016
27,NI_295,2017-02-01,101,2016
28,NI_295,2017-02-10,48,2016
29,NI_295,2017-02-20,2,2016
30,NI_295,2017-03-01,17,2016
31,NI_295,2017-03-10,36,2016
32,NI_295,2017-03-20,28,2016
33,NI_295,2017-04-01,5,2016
34,NI_295,2017-04-10,-17,2016
35,NI_295,2017-04-20,-61,2016
36,NI_295,2017-05-01,-99,2017
37,NI_295,2017-05-10,-157,2017
38,NI_295,2017-05-20,-263,2017
39,NI_295,2017-06-01,-398,2017
40,NI_295,2017-06-10,-493,2017
41,NI_295,2017-06-20,-574,2017
42,NI_295,2017-07-01,-626,2017
43,NI_295,2017-07-10,-606,2017
44,NI_295,2017-07-20,-587,2017
45,NI_295,2017-08-01,-555,2017
46,NI_295,2017-08-10,-420,2017
47,NI_295,2017-08-20,-103,2017
48,NI_295,2017-09-01,398,2017
49,NI_295,2017-09-10,575,2017
50,NI_295,2017-09-20,628,2017
51,NI_295,2017-10-01,548,2017
52,NI_295,2017-10-10,428,2017
53,NI_295,2017-10-20,299,2017
54,NI_295,2017-11-01,52,2017
55,NI_295,2017-11-10,-173,2017
56,NI_295,2017-11-20,-339,2017
57,NI_295,2017-12-01,-456,2017
58,NI_295,2017-12-10,-449,2017
59,NI_295,2017-12-20,-376,2017
60,NI_295,2018-01-01,-363,2017
61,NI_295,2018-01-10,-422,2017
62,NI_295,2018-01-20,-540,2017
63,NI_295,2018-02-01,-640,2017
64,NI_295,2018-02-10,-593,2017
65,NI_295,2018-02-20,-487,2017
66,NI_295,2018-03-01,-319,2017
67,NI_295,2018-03-10,-246,2017
68,NI_295,2018-03-20,-158,2017
69,NI_295,2018-04-01,-115,2017
70,NI_295,2018-04-10,-69,2017
71,NI_295,2018-04-20,-36,2017
72,NI_295,2018-05-01,23,2018
73,NI_295,2018-05-10,201,2018
74,NI_295,2018-05-20,384,2018
75,NI_295,2018-06-01,712,2018
76,NI_295,2018-06-10,928,2018
77,NI_295,2018-06-20,855,2018
78,NI_295,2018-07-01,572,2018
79,NI_295,2018-07-10,149,2018
80,NI_295,2018-07-20,-473,2018
81,NI_295,2018-08-01,-628,2018
82,NI_295,2018-08-10,-500,2018
83,NI_295,2018-08-20,-405,2018
84,NI_295,2018-09-01,-297,2018
85,NI_295,2018-09-10,-284,2018
86,NI_295,2018-09-20,-266,2018
87,NI_295,2018-10-01,-198,2018
88,NI_295,2018-10-10,-200,2018
89,NI_295,2018-10-20,-191,2018
90,NI_295,2018-11-01,-220,2018
91,NI_295,2018-11-10,-205,2018
92,NI_295,2018-11-20,-178,2018
93,NI_295,2018-12-01,-32,2018
94,NI_295,2018-12-10,-36,2018
95,NI_295,2018-12-20,-112,2018
96,NI_295,2019-01-01,-61,2018
97,NI_295,2019-01-10,-19,2018
98,NI_295,2019-01-20,-26,2018
99,NI_295,2019-02-01,-23,2018
100,NI_295,2019-02-10,-15,2018
101,NI_295,2019-02-20,-11,2018
102,NI_295,2019-03-01,-75,2018
103,NI_295,2019-03-10,-66,2018
104,NI_295,2019-03-20,-48,2018
105,NI_295,2019-04-01,2,2018
106,NI_295,2019-04-10,61,2018
107,NI_295,2019-04-20,200,2018
108,NI_295,2019-05-01,377,2019
109,NI_295,2019-05-10,609,2019
110,NI_295,2019-05-20,670,2019
111,NI_295,2019-06-01,688,2019
112,NI_295,2019-06-10,490,2019
113,NI_295,2019-06-20,395,2019
114,NI_295,2019-07-01,182,2019
115,NI_295,2019-07-10,-36,2019
116,NI_295,2019-07-20,-106,2019
117,NI_295,2019-08-01,-83,2019
118,NI_295,2019-08-10,73,2019
119,NI_295,2019-08-20,61,2019
120,NI_295,2019-09-01,-44,2019
121,NI_295,2019-09-10,-129,2019
122,NI_295,2019-09-20,-84,2019
123,NI_295,2019-10-01,12,2019
124,NI_295,2019-10-10,226,2019
125,NI_295,2019-10-20,447,2019
126,NI_295,2019-11-01,595,2019
127,NI_295,2019-11-10,237,2019
128,NI_295,2019-11-20,-224,2019
129,NI_295,2019-12-01,-382,2019
130,NI_295,2019-12-10,-352,2019
131,NI_295,2019-12-20,-289,2019
132,NI_295,2020-01-01,-149,2019
133,NI_295,2020-01-10,-92,2019
134,NI_295,2020-01-20,-63,2019
135,NI_295,2020-02-01,-41,2019
136,NI_295,2020-02-10,-38,2019
137,NI_295,2020-02-20,-39,2019
138,NI_295,2020-03-01,-50,2019
139,NI_295,2020-03-10,-53,2019
140,NI_295,2020-03-20,-55,2019
141,NI_295,2020-04-01,-51,2019
142,NI_295,2020-04-10,-36,2019
143,NI_295,2020-04-20,-14,2019
144,NI_307,2016-05-01,-88,2016
145,NI_307,2016-05-10,-176,2016
146,NI_307,2016-05-20,-283,2016
147,NI_307,2016-06-01,-348,2016
148,NI_307,2016-06-10,-369,2016
149,NI_307,2016-06-20,-318,2016
150,NI_307,2016-07-01,-302,2016
151,NI_307,2016-07-10,-214,2016
152,NI_307,2016-07-20,-44,2016
153,NI_307,2016-08-01,112,2016
154,NI_307,2016-08-10,213,2016
155,NI_307,2016-08-20,291,2016
156,NI_307,2016-09-01,329,2016
157,NI_307,2016-09-10,289,2016
158,NI_307,2016-09-20,185,2016
159,NI_307,2016-10-01,87,2016
160,NI_307,2016-10-10,10,2016
161,NI_307,2016-10-20,-72,2016
162,NI_307,2016-11-01,-122,2016
163,NI_307,2016-11-10,-181,2016
164,NI_307,2016-11-20,-272,2016
165,NI_307,2016-12-01,-339,2016
166,NI_307,2016-12-10,-415,2016
167,NI_307,2016-12-20,-548,2016
168,NI_307,2017-01-01,-693,2016
169,NI_307,2017-01-10,-656,2016
170,NI_307,2017-01-20,-428,2016
171,NI_307,2017-02-01,-301,2016
172,NI_307,2017-02-10,-288,2016
173,NI_307,2017-02-20,-137,2016
174,NI_307,2017-03-01,-57,2016
175,NI_307,2017-03-10,5,2016
176,NI_307,2017-03-20,111,2016
177,NI_307,2017-04-01,165,2016
178,NI_307,2017-04-10,152,2016
179,NI_307,2017-04-20,110,2016
180,NI_307,2017-05-01,81,2017
181,NI_307,2017-05-10,3,2017
182,NI_307,2017-05-20,-39,2017
183,NI_307,2017-06-01,-93,2017
184,NI_307,2017-06-10,-211,2017
185,NI_307,2017-06-20,-382,2017
186,NI_307,2017-07-01,-640,2017
187,NI_307,2017-07-10,-955,2017
188,NI_307,2017-07-20,-1182,2017
189,NI_307,2017-08-01,-1226,2017
190,NI_307,2017-08-10,-921,2017
191,NI_307,2017-08-20,-423,2017
192,NI_307,2017-09-01,0,2017
193,NI_307,2017-09-10,276,2017
194,NI_307,2017-09-20,440,2017
195,NI_307,2017-10-01,549,2017
196,NI_307,2017-10-10,565,2017
197,NI_307,2017-10-20,514,2017
198,NI_307,2017-11-01,360,2017
199,NI_307,2017-11-10,214,2017
200,NI_307,2017-11-20,97,2017
201,NI_307,2017-12-01,127,2017
202,NI_307,2017-12-10,248,2017
203,NI_307,2017-12-20,232,2017
204,NI_307,2018-01-01,168,2017
205,NI_307,2018-01-10,116,2017
206,NI_307,2018-01-20,64,2017
207,NI_307,2018-02-01,17,2017
208,NI_307,2018-02-10,-25,2017
209,NI_307,2018-02-20,-46,2017
210,NI_307,2018-03-01,-70,2017
211,NI_307,2018-03-10,-100,2017
212,NI_307,2018-03-20,-63,2017
213,NI_307,2018-04-01,84,2017
214,NI_307,2018-04-10,134,2017
215,NI_307,2018-04-20,-1,2017
216,NI_307,2018-05-01,-186,2018
217,NI_307,2018-05-10,-305,2018
218,NI_307,2018-05-20,-344,2018
219,NI_307,2018-06-01,-392,2018
220,NI_307,2018-06-10,-420,2018
221,NI_307,2018-06-20,-399,2018
222,NI_307,2018-07-01,-355,2018
223,NI_307,2018-07-10,-288,2018
224,NI_307,2018-07-20,-228,2018
225,NI_307,2018-08-01,-131,2018
226,NI_307,2018-08-10,-6,2018
227,NI_307,2018-08-20,136,2018
228,NI_307,2018-09-01,293,2018
229,NI_307,2018-09-10,458,2018
230,NI_307,2018-09-20,565,2018
231,NI_307,2018-10-01,620,2018
232,NI_307,2018-10-10,632,2018
233,NI_307,2018-10-20,730,2018
234,NI_307,2018-11-01,987,2018
235,NI_307,2018-11-10,941,2018
236,NI_307,2018-11-20,497,2018
237,NI_307,2018-12-01,-159,2018
238,NI_307,2018-12-10,-573,2018
239,NI_307,2018-12-20,-373,2018
240,NI_307,2019-01-01,-61,2018
241,NI_307,2019-01-10,207,2018
242,NI_307,2019-01-20,440,2018
243,NI_307,2019-02-01,468,2018
244,NI_307,2019-02-10,465,2018
245,NI_307,2019-02-20,454,2018
246,NI_307,2019-03-01,390,2018
247,NI_307,2019-03-10,333,2018
248,NI_307,2019-03-20,264,2018
249,NI_307,2019-04-01,195,2018
250,NI_307,2019-04-10,146,2018
251,NI_307,2019-04-20,92,2018
252,NI_307,2019-05-01,20,2019
253,NI_307,2019-05-10,-18,2019
254,NI_307,2019-05-20,-56,2019
255,NI_307,2019-06-01,-145,2019
256,NI_307,2019-06-10,-219,2019
257,NI_307,2019-06-20,-49,2019
258,NI_307,2019-07-01,150,2019
259,NI_307,2019-07-10,321,2019
260,NI_307,2019-07-20,682,2019
261,NI_307,2019-08-01,932,2019
262,NI_307,2019-08-10,863,2019
263,NI_307,2019-08-20,711,2019
264,NI_307,2019-09-01,857,2019
265,NI_307,2019-09-10,1021,2019
266,NI_307,2019-09-20,1038,2019
267,NI_307,2019-10-01,1066,2019
268,NI_307,2019-10-10,974,2019
269,NI_307,2019-10-20,905,2019
270,NI_307,2019-11-01,1096,2019
271,NI_307,2019-11-10,990,2019
272,NI_307,2019-11-20,770,2019
273,NI_307,2019-12-01,566,2019
274,NI_307,2019-12-10,564,2019
275,NI_307,2019-12-20,705,2019
276,NI_307,2020-01-01,1019,2019
277,NI_307,2020-01-10,1464,2019
278,NI_307,2020-01-20,1622,2019
279,NI_307,2020-02-01,1381,2019
280,NI_307,2020-02-10,1003,2019
281,NI_307,2020-02-20,762,2019
282,NI_307,2020-03-01,312,2019
283,NI_307,2020-03-10,261,2019
284,NI_307,2020-03-20,178,2019
285,NI_307,2020-04-01,131,2019
286,NI_307,2020-04-10,84,2019
287,NI_307,2020-04-20,50,2019
288,NI_313,2016-05-01,547,2016
289,NI_313,2016-05-10,573,2016
290,NI_313,2016-05-20,600,2016
291,NI_313,2016-06-01,636,2016
292,NI_313,2016-06-10,616,2016
293,NI_313,2016-06-20,523,2016
294,NI_313,2016-07-01,463,2016
295,NI_313,2016-07-10,404,2016
296,NI_313,2016-07-20,321,2016
297,NI_313,2016-08-01,261,2016
298,NI_313,2016-08-10,179,2016
299,NI_313,2016-08-20,89,2016
300,NI_313,2016-09-01,20,2016
301,NI_313,2016-09-10,13,2016
302,NI_313,2016-09-20,22,2016
303,NI_313,2016-10-01,46,2016
304,NI_313,2016-10-10,122,2016
305,NI_313,2016-10-20,223,2016
306,NI_313,2016-11-01,304,2016
307,NI_313,2016-11-10,360,2016
308,NI_313,2016-11-20,405,2016
309,NI_313,2016-12-01,452,2016
310,NI_313,2016-12-10,507,2016
311,NI_313,2016-12-20,505,2016
312,NI_313,2017-01-01,511,2016
313,NI_313,2017-01-10,527,2016
314,NI_313,2017-01-20,508,2016
315,NI_313,2017-02-01,474,2016
316,NI_313,2017-02-10,441,2016
317,NI_313,2017-02-20,404,2016
318,NI_313,2017-03-01,344,2016
319,NI_313,2017-03-10,324,2016
320,NI_313,2017-03-20,303,2016
321,NI_313,2017-04-01,275,2016
322,NI_313,2017-04-10,267,2016
323,NI_313,2017-04-20,271,2016
324,NI_313,2017-05-01,271,2017
325,NI_313,2017-05-10,294,2017
326,NI_313,2017-05-20,321,2017
327,NI_313,2017-06-01,313,2017
328,NI_313,2017-06-10,255,2017
329,NI_313,2017-06-20,210,2017
330,NI_313,2017-07-01,192,2017
331,NI_313,2017-07-10,226,2017
332,NI_313,2017-07-20,301,2017
333,NI_313,2017-08-01,375,2017
334,NI_313,2017-08-10,509,2017
335,NI_313,2017-08-20,660,2017
336,NI_313,2017-09-01,746,2017
337,NI_313,2017-09-10,745,2017
338,NI_313,2017-09-20,746,2017
339,NI_313,2017-10-01,725,2017
340,NI_313,2017-10-10,677,2017
341,NI_313,2017-10-20,664,2017
342,NI_313,2017-11-01,705,2017
343,NI_313,2017-11-10,749,2017
344,NI_313,2017-11-20,709,2017
345,NI_313,2017-12-01,698,2017
346,NI_313,2017-12-10,671,2017
347,NI_313,2017-12-20,669,2017
348,NI_313,2018-01-01,718,2017
349,NI_313,2018-01-10,815,2017
350,NI_313,2018-01-20,793,2017
351,NI_313,2018-02-01,720,2017
352,NI_313,2018-02-10,663,2017
353,NI_313,2018-02-20,613,2017
354,NI_313,2018-03-01,602,2017
355,NI_313,2018-03-10,538,2017
356,NI_313,2018-03-20,474,2017
357,NI_313,2018-04-01,418,2017
358,NI_313,2018-04-10,373,2017
359,NI_313,2018-04-20,314,2017
360,NI_313,2018-05-01,270,2018
361,NI_313,2018-05-10,238,2018
362,NI_313,2018-05-20,213,2018
363,NI_313,2018-06-01,262,2018
364,NI_313,2018-06-10,378,2018
365,NI_313,2018-06-20,557,2018
366,NI_313,2018-07-01,531,2018
367,NI_313,2018-07-10,637,2018
368,NI_313,2018-07-20,769,2018
369,NI_313,2018-08-01,804,2018
370,NI_313,2018-08-10,759,2018
371,NI_313,2018-08-20,660,2018
372,NI_313,2018-09-01,459,2018
373,NI_313,2018-09-10,280,2018
374,NI_313,2018-09-20,191,2018
375,NI_313,2018-10-01,138,2018
376,NI_313,2018-10-10,138,2018
377,NI_313,2018-10-20,269,2018
378,NI_313,2018-11-01,512,2018
379,NI_313,2018-11-10,741,2018
380,NI_313,2018-11-20,892,2018
381,NI_313,2018-12-01,1237,2018
382,NI_313,2018-12-10,1420,2018
383,NI_313,2018-12-20,1390,2018
384,NI_313,2019-01-01,1209,2018
385,NI_313,2019-01-10,1008,2018
386,NI_313,2019-01-20,902,2018
387,NI_313,2019-02-01,800,2018
388,NI_313,2019-02-10,692,2018
389,NI_313,2019-02-20,620,2018
390,NI_313,2019-03-01,546,2018
391,NI_313,2019-03-10,496,2018
392,NI_313,2019-03-20,442,2018
393,NI_313,2019-04-01,402,2018
394,NI_313,2019-04-10,361,2018
395,NI_313,2019-04-20,325,2018
396,NI_313,2019-05-01,292,2019
397,NI_313,2019-05-10,272,2019
398,NI_313,2019-05-20,246,2019
399,NI_313,2019-06-01,237,2019
400,NI_313,2019-06-10,300,2019
401,NI_313,2019-06-20,345,2019
402,NI_313,2019-07-01,454,2019
403,NI_313,2019-07-10,594,2019
404,NI_313,2019-07-20,675,2019
405,NI_313,2019-08-01,611,2019
406,NI_313,2019-08-10,466,2019
407,NI_313,2019-08-20,392,2019
408,NI_313,2019-09-01,302,2019
409,NI_313,2019-09-10,255,2019
410,NI_313,2019-09-20,245,2019
411,NI_313,2019-10-01,209,2019
412,NI_313,2019-10-10,226,2019
413,NI_313,2019-10-20,327,2019
414,NI_313,2019-11-01,248,2019
415,NI_313,2019-11-10,303,2019
416,NI_313,2019-11-20,491,2019
417,NI_313,2019-12-01,680,2019
418,NI_313,2019-12-10,900,2019
419,NI_313,2019-12-20,792,2019
420,NI_313,2020-01-01,777,2019
421,NI_313,2020-01-10,692,2019
422,NI_313,2020-01-20,568,2019
423,NI_313,2020-02-01,489,2019
424,NI_313,2020-02-10,402,2019
425,NI_313,2020-02-20,352,2019
426,NI_313,2020-03-01,335,2019
427,NI_313,2020-03-10,312,2019
428,NI_313,2020-03-20,277,2019
429,NI_313,2020-04-01,264,2019
430,NI_313,2020-04-10,250,2019
431,NI_313,2020-04-20,239,2019
432,NI_385,2016-05-01,-80,2016
433,NI_385,2016-05-10,-130,2016
434,NI_385,2016-05-20,-181,2016
435,NI_385,2016-06-01,-232,2016
436,NI_385,2016-06-10,-302,2016
437,NI_385,2016-06-20,-315,2016
438,NI_385,2016-07-01,-337,2016
439,NI_385,2016-07-10,-283,2016
440,NI_385,2016-07-20,-252,2016
441,NI_385,2016-08-01,-199,2016
442,NI_385,2016-08-10,-134,2016
443,NI_385,2016-08-20,-84,2016
444,NI_385,2016-09-01,-36,2016
445,NI_385,2016-09-10,16,2016
446,NI_385,2016-09-20,45,2016
447,NI_385,2016-10-01,96,2016
448,NI_385,2016-10-10,111,2016
449,NI_385,2016-10-20,150,2016
450,NI_385,2016-11-01,151,2016
451,NI_385,2016-11-10,187,2016
452,NI_385,2016-11-20,220,2016
453,NI_385,2016-12-01,275,2016
454,NI_385,2016-12-10,389,2016
455,NI_385,2016-12-20,483,2016
456,NI_385,2017-01-01,499,2016
457,NI_385,2017-01-10,434,2016
458,NI_385,2017-01-20,285,2016
459,NI_385,2017-02-01,155,2016
460,NI_385,2017-02-10,97,2016
461,NI_385,2017-02-20,96,2016
462,NI_385,2017-03-01,106,2016
463,NI_385,2017-03-10,94,2016
464,NI_385,2017-03-20,76,2016
465,NI_385,2017-04-01,71,2016
466,NI_385,2017-04-10,68,2016
467,NI_385,2017-04-20,79,2016
468,NI_385,2017-05-01,92,2017
469,NI_385,2017-05-10,101,2017
470,NI_385,2017-05-20,137,2017
471,NI_385,2017-06-01,174,2017
472,NI_385,2017-06-10,259,2017
473,NI_385,2017-06-20,309,2017
474,NI_385,2017-07-01,284,2017
475,NI_385,2017-07-10,362,2017
476,NI_385,2017-07-20,343,2017
477,NI_385,2017-08-01,239,2017
478,NI_385,2017-08-10,133,2017
479,NI_385,2017-08-20,51,2017
480,NI_385,2017-09-01,74,2017
481,NI_385,2017-09-10,137,2017
482,NI_385,2017-09-20,108,2017
483,NI_385,2017-10-01,96,2017
484,NI_385,2017-10-10,98,2017
485,NI_385,2017-10-20,64,2017
486,NI_385,2017-11-01,-16,2017
487,NI_385,2017-11-10,-148,2017
488,NI_385,2017-11-20,-223,2017
489,NI_385,2017-12-01,-199,2017
490,NI_385,2017-12-10,-94,2017
491,NI_385,2017-12-20,-5,2017
492,NI_385,2018-01-01,48,2017
493,NI_385,2018-01-10,92,2017
494,NI_385,2018-01-20,150,2017
495,NI_385,2018-02-01,201,2017
496,NI_385,2018-02-10,250,2017
497,NI_385,2018-02-20,279,2017
498,NI_385,2018-03-01,288,2017
499,NI_385,2018-03-10,292,2017
500,NI_385,2018-03-20,290,2017
501,NI_385,2018-04-01,291,2017
502,NI_385,2018-04-10,283,2017
503,NI_385,2018-04-20,278,2017
504,NI_385,2018-05-01,267,2018
505,NI_385,2018-05-10,257,2018
506,NI_385,2018-05-20,303,2018
507,NI_385,2018-06-01,363,2018
508,NI_385,2018-06-10,436,2018
509,NI_385,2018-06-20,408,2018
510,NI_385,2018-07-01,387,2018
511,NI_385,2018-07-10,395,2018
512,NI_385,2018-07-20,512,2018
513,NI_385,2018-08-01,767,2018
514,NI_385,2018-08-10,790,2018
515,NI_385,2018-08-20,460,2018
516,NI_385,2018-09-01,66,2018
517,NI_385,2018-09-10,-147,2018
518,NI_385,2018-09-20,-417,2018
519,NI_385,2018-10-01,-676,2018
520,NI_385,2018-10-10,-919,2018
521,NI_385,2018-10-20,-1040,2018
522,NI_385,2018-11-01,-1069,2018
523,NI_385,2018-11-10,-992,2018
524,NI_385,2018-11-20,-832,2018
525,NI_385,2018-12-01,-726,2018
526,NI_385,2018-12-10,-530,2018
527,NI_385,2018-12-20,-296,2018
528,NI_385,2019-01-01,-226,2018
529,NI_385,2019-01-10,-242,2018
530,NI_385,2019-01-20,-244,2018
531,NI_385,2019-02-01,-241,2018
532,NI_385,2019-02-10,-203,2018
533,NI_385,2019-02-20,-142,2018
534,NI_385,2019-03-01,-93,2018
535,NI_385,2019-03-10,-22,2018
536,NI_385,2019-03-20,39,2018
537,NI_385,2019-04-01,101,2018
538,NI_385,2019-04-10,168,2018
539,NI_385,2019-04-20,239,2018
540,NI_385,2019-05-01,332,2019
541,NI_385,2019-05-10,410,2019
542,NI_385,2019-05-20,525,2019
543,NI_385,2019-06-01,596,2019
544,NI_385,2019-06-10,398,2019
545,NI_385,2019-06-20,65,2019
546,NI_385,2019-07-01,-216,2019
547,NI_385,2019-07-10,-306,2019
548,NI_385,2019-07-20,-274,2019
549,NI_385,2019-08-01,-232,2019
550,NI_385,2019-08-10,-173,2019
551,NI_385,2019-08-20,-106,2019
552,NI_385,2019-09-01,60,2019
553,NI_385,2019-09-10,177,2019
554,NI_385,2019-09-20,122,2019
555,NI_385,2019-10-01,-57,2019
556,NI_385,2019-10-10,-287,2019
557,NI_385,2019-10-20,-610,2019
558,NI_385,2019-11-01,-796,2019
559,NI_385,2019-11-10,-744,2019
560,NI_385,2019-11-20,-504,2019
561,NI_385,2019-12-01,-245,2019
562,NI_385,2019-12-10,-181,2019
563,NI_385,2019-12-20,-26,2019
564,NI_385,2020-01-01,180,2019
565,NI_385,2020-01-10,251,2019
566,NI_385,2020-01-20,310,2019
567,NI_385,2020-02-01,334,2019
568,NI_385,2020-02-10,350,2019
569,NI_385,2020-02-20,346,2019
570,NI_385,2020-03-01,321,2019
571,NI_385,2020-03-10,291,2019
572,NI_385,2020-03-20,259,2019
573,NI_385,2020-04-01,227,2019
574,NI_385,2020-04-10,199,2019
575,NI_385,2020-04-20,170,2019
576,NI_407,2016-05-01,223,2016
577,NI_407,2016-05-10,258,2016
578,NI_407,2016-05-20,306,2016
579,NI_407,2016-06-01,337,2016
580,NI_407,2016-06-10,334,2016
581,NI_407,2016-06-20,275,2016
582,NI_407,2016-07-01,247,2016
583,NI_407,2016-07-10,225,2016
584,NI_407,2016-07-20,204,2016
585,NI_407,2016-08-01,254,2016
586,NI_407,2016-08-10,312,2016
587,NI_407,2016-08-20,293,2016
588,NI_407,2016-09-01,277,2016
589,NI_407,2016-09-10,261,2016
590,NI_407,2016-09-20,268,2016
591,NI_407,2016-10-01,270,2016
592,NI_407,2016-10-10,287,2016
593,NI_407,2016-10-20,331,2016
594,NI_407,2016-11-01,419,2016
595,NI_407,2016-11-10,515,2016
596,NI_407,2016-11-20,585,2016
597,NI_407,2016-12-01,612,2016
598,NI_407,2016-12-10,626,2016
599,NI_407,2016-12-20,633,2016
600,NI_407,2017-01-01,641,2016
601,NI_407,2017-01-10,645,2016
602,NI_407,2017-01-20,651,2016
603,NI_407,2017-02-01,609,2016
604,NI_407,2017-02-10,477,2016
605,NI_407,2017-02-20,287,2016
606,NI_407,2017-03-01,148,2016
607,NI_407,2017-03-10,108,2016
608,NI_407,2017-03-20,113,2016
609,NI_407,2017-04-01,123,2016
610,NI_407,2017-04-10,117,2016
611,NI_407,2017-04-20,76,2016
612,NI_407,2017-05-01,24,2017
613,NI_407,2017-05-10,-50,2017
614,NI_407,2017-05-20,-124,2017
615,NI_407,2017-06-01,-212,2017
616,NI_407,2017-06-10,-257,2017
617,NI_407,2017-06-20,-246,2017
618,NI_407,2017-07-01,-201,2017
619,NI_407,2017-07-10,-82,2017
620,NI_407,2017-07-20,54,2017
621,NI_407,2017-08-01,176,2017
622,NI_407,2017-08-10,193,2017
623,NI_407,2017-08-20,84,2017
624,NI_407,2017-09-01,34,2017
625,NI_407,2017-09-10,181,2017
626,NI_407,2017-09-20,209,2017
627,NI_407,2017-10-01,166,2017
628,NI_407,2017-10-10,136,2017
629,NI_407,2017-10-20,106,2017
630,NI_407,2017-11-01,14,2017
631,NI_407,2017-11-10,-99,2017
632,NI_407,2017-11-20,-158,2017
633,NI_407,2017-12-01,-185,2017
634,NI_407,2017-12-10,-161,2017
635,NI_407,2017-12-20,-84,2017
636,NI_407,2018-01-01,45,2017
637,NI_407,2018-01-10,177,2017
638,NI_407,2018-01-20,172,2017
639,NI_407,2018-02-01,119,2017
640,NI_407,2018-02-10,104,2017
641,NI_407,2018-02-20,90,2017
642,NI_407,2018-03-01,35,2017
643,NI_407,2018-03-10,-10,2017
644,NI_407,2018-03-20,-106,2017
645,NI_407,2018-04-01,-168,2017
646,NI_407,2018-04-10,-158,2017
647,NI_407,2018-04-20,-145,2017
648,NI_407,2018-05-01,-177,2018
649,NI_407,2018-05-10,-207,2018
650,NI_407,2018-05-20,-261,2018
651,NI_407,2018-06-01,-310,2018
652,NI_407,2018-06-10,-370,2018
653,NI_407,2018-06-20,-371,2018
654,NI_407,2018-07-01,-299,2018
655,NI_407,2018-07-10,-223,2018
656,NI_407,2018-07-20,-188,2018
657,NI_407,2018-08-01,-237,2018
658,NI_407,2018-08-10,-229,2018
659,NI_407,2018-08-20,-140,2018
660,NI_407,2018-09-01,-18,2018
661,NI_407,2018-09-10,62,2018
662,NI_407,2018-09-20,88,2018
663,NI_407,2018-10-01,106,2018
664,NI_407,2018-10-10,179,2018
665,NI_407,2018-10-20,249,2018
666,NI_407,2018-11-01,230,2018
667,NI_407,2018-11-10,141,2018
668,NI_407,2018-11-20,34,2018
669,NI_407,2018-12-01,12,2018
670,NI_407,2018-12-10,10,2018
671,NI_407,2018-12-20,15,2018
672,NI_407,2019-01-01,14,2018
673,NI_407,2019-01-10,29,2018
674,NI_407,2019-01-20,25,2018
675,NI_407,2019-02-01,5,2018
676,NI_407,2019-02-10,10,2018
677,NI_407,2019-02-20,20,2018
678,NI_407,2019-03-01,45,2018
679,NI_407,2019-03-10,30,2018
680,NI_407,2019-03-20,61,2018
681,NI_407,2019-04-01,123,2018
682,NI_407,2019-04-10,172,2018
683,NI_407,2019-04-20,153,2018
684,NI_407,2019-05-01,125,2019
685,NI_407,2019-05-10,102,2019
686,NI_407,2019-05-20,56,2019
687,NI_407,2019-06-01,-22,2019
688,NI_407,2019-06-10,-226,2019
689,NI_407,2019-06-20,-502,2019
690,NI_407,2019-07-01,-403,2019
691,NI_407,2019-07-10,-120,2019
692,NI_407,2019-07-20,44,2019
693,NI_407,2019-08-01,152,2019
694,NI_407,2019-08-10,240,2019
695,NI_407,2019-08-20,278,2019
696,NI_407,2019-09-01,261,2019
697,NI_407,2019-09-10,224,2019
698,NI_407,2019-09-20,177,2019
699,NI_407,2019-10-01,112,2019
700,NI_407,2019-10-10,71,2019
701,NI_407,2019-10-20,33,2019
702,NI_407,2019-11-01,-54,2019
703,NI_407,2019-11-10,-151,2019
704,NI_407,2019-11-20,-173,2019
705,NI_407,2019-12-01,-142,2019
706,NI_407,2019-12-10,-87,2019
707,NI_407,2019-12-20,34,2019
708,NI_407,2020-01-01,204,2019
709,NI_407,2020-01-10,298,2019
710,NI_407,2020-01-20,296,2019
711,NI_407,2020-02-01,307,2019
712,NI_407,2020-02-10,241,2019
713,NI_407,2020-02-20,169,2019
714,NI_407,2020-03-01,201,2019
715,NI_407,2020-03-10,256,2019
716,NI_407,2020-03-20,326,2019
717,NI_407,2020-04-01,542,2019
718,NI_407,2020-04-10,613,2019
719,NI_407,2020-04-20,535,2019
720,NI_248,2016-05-01,58,2016
721,NI_248,2016-05-10,47,2016
722,NI_248,2016-05-20,32,2016
723,NI_248,2016-06-01,-5,2016
724,NI_248,2016-06-10,-64,2016
725,NI_248,2016-06-20,-76,2016
726,NI_248,2016-07-01,-138,2016
727,NI_248,2016-07-10,-174,2016
728,NI_248,2016-07-20,-156,2016
729,NI_248,2016-08-01,-122,2016
730,NI_248,2016-08-10,-91,2016
731,NI_248,2016-08-20,-87,2016
732,NI_248,2016-09-01,-40,2016
733,NI_248,2016-09-10,-11,2016
734,NI_248,2016-09-20,9,2016
735,NI_248,2016-10-01,3,2016
736,NI_248,2016-10-10,-3,2016
737,NI_248,2016-10-20,-12,2016
738,NI_248,2016-11-01,-37,2016
739,NI_248,2016-11-10,-102,2016
740,NI_248,2016-11-20,-193,2016
741,NI_248,2016-12-01,-309,2016
742,NI_248,2016-12-10,-436,2016
743,NI_248,2016-12-20,-570,2016
744,NI_248,2017-01-01,-701,2016
745,NI_248,2017-01-10,-833,2016
746,NI_248,2017-01-20,-932,2016
747,NI_248,2017-02-01,-855,2016
748,NI_248,2017-02-10,-639,2016
749,NI_248,2017-02-20,-484,2016
750,NI_248,2017-03-01,-327,2016
751,NI_248,2017-03-10,-133,2016
752,NI_248,2017-03-20,-54,2016
753,NI_248,2017-04-01,-23,2016
754,NI_248,2017-04-10,35,2016
755,NI_248,2017-04-20,76,2016
756,NI_248,2017-05-01,118,2017
757,NI_248,2017-05-10,138,2017
758,NI_248,2017-05-20,140,2017
759,NI_248,2017-06-01,132,2017
760,NI_248,2017-06-10,123,2017
761,NI_248,2017-06-20,138,2017
762,NI_248,2017-07-01,149,2017
763,NI_248,2017-07-10,161,2017
764,NI_248,2017-07-20,158,2017
765,NI_248,2017-08-01,120,2017
766,NI_248,2017-08-10,73,2017
767,NI_248,2017-08-20,15,2017
768,NI_248,2017-09-01,-60,2017
769,NI_248,2017-09-10,-131,2017
770,NI_248,2017-09-20,-180,2017
771,NI_248,2017-10-01,-227,2017
772,NI_248,2017-10-10,-278,2017
773,NI_248,2017-10-20,-307,2017
774,NI_248,2017-11-01,-242,2017
775,NI_248,2017-11-10,-110,2017
776,NI_248,2017-11-20,9,2017
777,NI_248,2017-12-01,63,2017
778,NI_248,2017-12-10,79,2017
779,NI_248,2017-12-20,36,2017
780,NI_248,2018-01-01,-42,2017
781,NI_248,2018-01-10,-115,2017
782,NI_248,2018-01-20,-244,2017
783,NI_248,2018-02-01,-270,2017
784,NI_248,2018-02-10,-221,2017
785,NI_248,2018-02-20,-232,2017
786,NI_248,2018-03-01,-311,2017
787,NI_248,2018-03-10,-273,2017
788,NI_248,2018-03-20,-231,2017
789,NI_248,2018-04-01,-191,2017
790,NI_248,2018-04-10,-160,2017
791,NI_248,2018-04-20,-130,2017
792,NI_248,2018-05-01,-111,2018
793,NI_248,2018-05-10,-60,2018
794,NI_248,2018-05-20,14,2018
795,NI_248,2018-06-01,58,2018
796,NI_248,2018-06-10,96,2018
797,NI_248,2018-06-20,95,2018
798,NI_248,2018-07-01,102,2018
799,NI_248,2018-07-10,88,2018
800,NI_248,2018-07-20,52,2018
801,NI_248,2018-08-01,-54,2018
802,NI_248,2018-08-10,-188,2018
803,NI_248,2018-08-20,-286,2018
804,NI_248,2018-09-01,-331,2018
805,NI_248,2018-09-10,-405,2018
806,NI_248,2018-09-20,-490,2018
807,NI_248,2018-10-01,-579,2018
808,NI_248,2018-10-10,-511,2018
809,NI_248,2018-10-20,-316,2018
810,NI_248,2018-11-01,-147,2018
811,NI_248,2018-11-10,-81,2018
812,NI_248,2018-11-20,-61,2018
813,NI_248,2018-12-01,-148,2018
814,NI_248,2018-12-10,-270,2018
815,NI_248,2018-12-20,-358,2018
816,NI_248,2019-01-01,-294,2018
817,NI_248,2019-01-10,-170,2018
818,NI_248,2019-01-20,-132,2018
819,NI_248,2019-02-01,-142,2018
820,NI_248,2019-02-10,-145,2018
821,NI_248,2019-02-20,-115,2018
822,NI_248,2019-03-01,-66,2018
823,NI_248,2019-03-10,-72,2018
824,NI_248,2019-03-20,-92,2018
825,NI_248,2019-04-01,-120,2018
826,NI_248,2019-04-10,-160,2018
827,NI_248,2019-04-20,-192,2018
828,NI_248,2019-05-01,-211,2019
829,NI_248,2019-05-10,-232,2019
830,NI_248,2019-05-20,-166,2019
831,NI_248,2019-06-01,-11,2019
832,NI_248,2019-06-10,178,2019
833,NI_248,2019-06-20,404,2019
834,NI_248,2019-07-01,473,2019
835,NI_248,2019-07-10,496,2019
836,NI_248,2019-07-20,360,2019
837,NI_248,2019-08-01,88,2019
838,NI_248,2019-08-10,-70,2019
839,NI_248,2019-08-20,-139,2019
840,NI_248,2019-09-01,-127,2019
841,NI_248,2019-09-10,-41,2019
842,NI_248,2019-09-20,5,2019
843,NI_248,2019-10-01,4,2019
844,NI_248,2019-10-10,-25,2019
845,NI_248,2019-10-20,-87,2019
846,NI_248,2019-11-01,-163,2019
847,NI_248,2019-11-10,-250,2019
848,NI_248,2019-11-20,-299,2019
849,NI_248,2019-12-01,-274,2019
850,NI_248,2019-12-10,-242,2019
851,NI_248,2019-12-20,-205,2019
852,NI_248,2020-01-01,-187,2019
853,NI_248,2020-01-10,-182,2019
854,NI_248,2020-01-20,-174,2019
855,NI_248,2020-02-01,-135,2019
856,NI_248,2020-02-10,-99,2019
857,NI_248,2020-02-20,-75,2019
858,NI_248,2020-03-01,-68,2019
859,NI_248,2020-03-10,-55,2019
860,NI_248,2020-03-20,-42,2019
861,NI_248,2020-04-01,-35,2019
862,NI_248,2020-04-10,-38,2019
863,NI_248,2020-04-20,-49,2019
864,NI_258,2016-05-01,-369,2016
865,NI_258,2016-05-10,-437,2016
866,NI_258,2016-05-20,-515,2016
867,NI_258,2016-06-01,-502,2016
868,NI_258,2016-06-10,-386,2016
869,NI_258,2016-06-20,-286,2016
870,NI_258,2016-07-01,-262,2016
871,NI_258,2016-07-10,-211,2016
872,NI_258,2016-07-20,-150,2016
873,NI_258,2016-08-01,-119,2016
874,NI_258,2016-08-10,-143,2016
875,NI_258,2016-08-20,-160,2016
876,NI_258,2016-09-01,-183,2016
877,NI_258,2016-09-10,-213,2016
878,NI_258,2016-09-20,-226,2016
879,NI_258,2016-10-01,-220,2016
880,NI_258,2016-10-10,-220,2016
881,NI_258,2016-10-20,-203,2016
882,NI_258,2016-11-01,-187,2016
883,NI_258,2016-11-10,-162,2016
884,NI_258,2016-11-20,-137,2016
885,NI_258,2016-12-01,-137,2016
886,NI_258,2016-12-10,-200,2016
887,NI_258,2016-12-20,-306,2016
888,NI_258,2017-01-01,-303,2016
889,NI_258,2017-01-10,-260,2016
890,NI_258,2017-01-20,-242,2016
891,NI_258,2017-02-01,-208,2016
892,NI_258,2017-02-10,-189,2016
893,NI_258,2017-02-20,-155,2016
894,NI_258,2017-03-01,-146,2016
895,NI_258,2017-03-10,-146,2016
896,NI_258,2017-03-20,-206,2016
897,NI_258,2017-04-01,-258,2016
898,NI_258,2017-04-10,-334,2016
899,NI_258,2017-04-20,-468,2016
900,NI_258,2017-05-01,-678,2017
901,NI_258,2017-05-10,-834,2017
902,NI_258,2017-05-20,-899,2017
903,NI_258,2017-06-01,-744,2017
904,NI_258,2017-06-10,-570,2017
905,NI_258,2017-06-20,-448,2017
906,NI_258,2017-07-01,-284,2017
907,NI_258,2017-07-10,-69,2017
908,NI_258,2017-07-20,26,2017
909,NI_258,2017-08-01,66,2017
910,NI_258,2017-08-10,85,2017
911,NI_258,2017-08-20,41,2017
912,NI_258,2017-09-01,34,2017
913,NI_258,2017-09-10,79,2017
914,NI_258,2017-09-20,134,2017
915,NI_258,2017-10-01,157,2017
916,NI_258,2017-10-10,135,2017
917,NI_258,2017-10-20,86,2017
918,NI_258,2017-11-01,10,2017
919,NI_258,2017-11-10,-113,2017
920,NI_258,2017-11-20,-230,2017
921,NI_258,2017-12-01,-319,2017
922,NI_258,2017-12-10,-287,2017
923,NI_258,2017-12-20,-237,2017
924,NI_258,2018-01-01,-174,2017
925,NI_258,2018-01-10,-94,2017
926,NI_258,2018-01-20,-73,2017
927,NI_258,2018-02-01,-168,2017
928,NI_258,2018-02-10,-272,2017
929,NI_258,2018-02-20,-304,2017
930,NI_258,2018-03-01,-401,2017
931,NI_258,2018-03-10,-364,2017
932,NI_258,2018-03-20,-337,2017
933,NI_258,2018-04-01,-353,2017
934,NI_258,2018-04-10,-393,2017
935,NI_258,2018-04-20,-455,2017
936,NI_258,2018-05-01,-535,2018
937,NI_258,2018-05-10,-692,2018
938,NI_258,2018-05-20,-980,2018
939,NI_258,2018-06-01,-1244,2018
940,NI_258,2018-06-10,-1414,2018
941,NI_258,2018-06-20,-1385,2018
942,NI_258,2018-07-01,-1201,2018
943,NI_258,2018-07-10,-995,2018
944,NI_258,2018-07-20,-725,2018
945,NI_258,2018-08-01,-608,2018
946,NI_258,2018-08-10,-592,2018
947,NI_258,2018-08-20,-711,2018
948,NI_258,2018-09-01,-901,2018
949,NI_258,2018-09-10,-1058,2018
950,NI_258,2018-09-20,-1176,2018
951,NI_258,2018-10-01,-1261,2018
952,NI_258,2018-10-10,-1252,2018
953,NI_258,2018-10-20,-1119,2018
954,NI_258,2018-11-01,-923,2018
955,NI_258,2018-11-10,-760,2018
956,NI_258,2018-11-20,-668,2018
957,NI_258,2018-12-01,-613,2018
958,NI_258,2018-12-10,-575,2018
959,NI_258,2018-12-20,-610,2018
960,NI_258,2019-01-01,-669,2018
961,NI_258,2019-01-10,-725,2018
962,NI_258,2019-01-20,-607,2018
963,NI_258,2019-02-01,-424,2018
964,NI_258,2019-02-10,-407,2018
965,NI_258,2019-02-20,-374,2018
966,NI_258,2019-03-01,-337,2018
967,NI_258,2019-03-10,-366,2018
968,NI_258,2019-03-20,-362,2018
969,NI_258,2019-04-01,-364,2018
970,NI_258,2019-04-10,-361,2018
971,NI_258,2019-04-20,-378,2018
972,NI_258,2019-05-01,-331,2019
973,NI_258,2019-05-10,-333,2019
974,NI_258,2019-05-20,-362,2019
975,NI_258,2019-06-01,-352,2019
976,NI_258,2019-06-10,-381,2019
977,NI_258,2019-06-20,-417,2019
978,NI_258,2019-07-01,-341,2019
979,NI_258,2019-07-10,-173,2019
980,NI_258,2019-07-20,0,2019
981,NI_258,2019-08-01,104,2019
982,NI_258,2019-08-10,170,2019
983,NI_258,2019-08-20,64,2019
984,NI_258,2019-09-01,-234,2019
985,NI_258,2019-09-10,-597,2019
986,NI_258,2019-09-20,-812,2019
987,NI_258,2019-10-01,-888,2019
988,NI_258,2019-10-10,-997,2019
989,NI_258,2019-10-20,-1066,2019
990,NI_258,2019-11-01,-889,2019
991,NI_258,2019-11-10,-628,2019
992,NI_258,2019-11-20,-379,2019
993,NI_258,2019-12-01,226,2019
994,NI_258,2019-12-10,831,2019
995,NI_258,2019-12-20,1225,2019
996,NI_258,2020-01-01,1136,2019
997,NI_258,2020-01-10,836,2019
998,NI_258,2020-01-20,726,2019
999,NI_258,2020-02-01,370,2019
1000,NI_258,2020-02-10,167,2019
1001,NI_258,2020-02-20,107,2019
1002,NI_258,2020-03-01,10,2019
1003,NI_258,2020-03-10,-45,2019
1004,NI_258,2020-03-20,-62,2019
1005,NI_258,2020-04-01,-71,2019
1006,NI_258,2020-04-10,-106,2019
1007,NI_258,2020-04-20,-146,2019
1008,NI_147,2016-05-01,-230,2016
1009,NI_147,2016-05-10,-243,2016
1010,NI_147,2016-05-20,-247,2016
1011,NI_147,2016-06-01,-228,2016
1012,NI_147,2016-06-10,-206,2016
1013,NI_147,2016-06-20,-200,2016
1014,NI_147,2016-07-01,-188,2016
1015,NI_147,2016-07-10,-172,2016
1016,NI_147,2016-07-20,-184,2016
1017,NI_147,2016-08-01,-225,2016
1018,NI_147,2016-08-10,-263,2016
1019,NI_147,2016-08-20,-316,2016
1020,NI_147,2016-09-01,-377,2016
1021,NI_147,2016-09-10,-445,2016
1022,NI_147,2016-09-20,-512,2016
1023,NI_147,2016-10-01,-577,2016
1024,NI_147,2016-10-10,-664,2016
1025,NI_147,2016-10-20,-771,2016
1026,NI_147,2016-11-01,-844,2016
1027,NI_147,2016-11-10,-822,2016
1028,NI_147,2016-11-20,-1016,2016
1029,NI_147,2016-12-01,-1443,2016
1030,NI_147,2016-12-10,-1693,2016
1031,NI_147,2016-12-20,-1736,2016
1032,NI_147,2017-01-01,-1595,2016
1033,NI_147,2017-01-10,-1351,2016
1034,NI_147,2017-01-20,-970,2016
1035,NI_147,2017-02-01,-502,2016
1036,NI_147,2017-02-10,-241,2016
1037,NI_147,2017-02-20,-179,2016
1038,NI_147,2017-03-01,-344,2016
1039,NI_147,2017-03-10,-433,2016
1040,NI_147,2017-03-20,-478,2016
1041,NI_147,2017-04-01,-487,2016
1042,NI_147,2017-04-10,-506,2016
1043,NI_147,2017-04-20,-519,2016
1044,NI_147,2017-05-01,-532,2017
1045,NI_147,2017-05-10,-562,2017
1046,NI_147,2017-05-20,-594,2017
1047,NI_147,2017-06-01,-639,2017
1048,NI_147,2017-06-10,-689,2017
1049,NI_147,2017-06-20,-763,2017
1050,NI_147,2017-07-01,-880,2017
1051,NI_147,2017-07-10,-1030,2017
1052,NI_147,2017-07-20,-1248,2017
1053,NI_147,2017-08-01,-1553,2017
1054,NI_147,2017-08-10,-1710,2017
1055,NI_147,2017-08-20,-1770,2017
1056,NI_147,2017-09-01,-1755,2017
1057,NI_147,2017-09-10,-1705,2017
1058,NI_147,2017-09-20,-1617,2017
1059,NI_147,2017-10-01,-1481,2017
1060,NI_147,2017-10-10,-1349,2017
1061,NI_147,2017-10-20,-1271,2017
1062,NI_147,2017-11-01,-1263,2017
1063,NI_147,2017-11-10,-1227,2017
1064,NI_147,2017-11-20,-1273,2017
1065,NI_147,2017-12-01,-1591,2017
1066,NI_147,2017-12-10,-2021,2017
1067,NI_147,2017-12-20,-2348,2017
1068,NI_147,2018-01-01,-2571,2017
1069,NI_147,2018-01-10,-2569,2017
1070,NI_147,2018-01-20,-2381,2017
1071,NI_147,2018-02-01,-2069,2017
1072,NI_147,2018-02-10,-1708,2017
1073,NI_147,2018-02-20,-1445,2017
1074,NI_147,2018-03-01,-1091,2017
1075,NI_147,2018-03-10,-746,2017
1076,NI_147,2018-03-20,-529,2017
1077,NI_147,2018-04-01,-446,2017
1078,NI_147,2018-04-10,-466,2017
1079,NI_147,2018-04-20,-458,2017
1080,NI_147,2018-05-01,-448,2018
1081,NI_147,2018-05-10,-447,2018
1082,NI_147,2018-05-20,-394,2018
1083,NI_147,2018-06-01,-385,2018
1084,NI_147,2018-06-10,-440,2018
1085,NI_147,2018-06-20,-577,2018
1086,NI_147,2018-07-01,-776,2018
1087,NI_147,2018-07-10,-875,2018
1088,NI_147,2018-07-20,-806,2018
1089,NI_147,2018-08-01,-498,2018
1090,NI_147,2018-08-10,-294,2018
1091,NI_147,2018-08-20,-122,2018
1092,NI_147,2018-09-01,-72,2018
1093,NI_147,2018-09-10,-170,2018
1094,NI_147,2018-09-20,-307,2018
1095,NI_147,2018-10-01,-522,2018
1096,NI_147,2018-10-10,-835,2018
1097,NI_147,2018-10-20,-1076,2018
1098,NI_147,2018-11-01,-1288,2018
1099,NI_147,2018-11-10,-1602,2018
1100,NI_147,2018-11-20,-2118,2018
1101,NI_147,2018-12-01,-2670,2018
1102,NI_147,2018-12-10,-2945,2018
1103,NI_147,2018-12-20,-3047,2018
1104,NI_147,2019-01-01,-2920,2018
1105,NI_147,2019-01-10,-2248,2018
1106,NI_147,2019-01-20,-1441,2018
1107,NI_147,2019-02-01,-1024,2018
1108,NI_147,2019-02-10,-870,2018
1109,NI_147,2019-02-20,-772,2018
1110,NI_147,2019-03-01,-659,2018
1111,NI_147,2019-03-10,-569,2018
1112,NI_147,2019-03-20,-525,2018
1113,NI_147,2019-04-01,-512,2018
1114,NI_147,2019-04-10,-487,2018
1115,NI_147,2019-04-20,-491,2018
1116,NI_147,2019-05-01,-492,2019
1117,NI_147,2019-05-10,-496,2019
1118,NI_147,2019-05-20,-544,2019
1119,NI_147,2019-06-01,-641,2019
1120,NI_147,2019-06-10,-731,2019
1121,NI_147,2019-06-20,-804,2019
1122,NI_147,2019-07-01,-926,2019
1123,NI_147,2019-07-10,-1107,2019
1124,NI_147,2019-07-20,-1126,2019
1125,NI_147,2019-08-01,-1176,2019
1126,NI_147,2019-08-10,-1104,2019
1127,NI_147,2019-08-20,-995,2019
1128,NI_147,2019-09-01,-773,2019
1129,NI_147,2019-09-10,-530,2019
1130,NI_147,2019-09-20,-427,2019
1131,NI_147,2019-10-01,-416,2019
1132,NI_147,2019-10-10,-485,2019
1133,NI_147,2019-10-20,-562,2019
1134,NI_147,2019-11-01,-776,2019
1135,NI_147,2019-11-10,-1042,2019
1136,NI_147,2019-11-20,-1382,2019
1137,NI_147,2019-12-01,-1817,2019
1138,NI_147,2019-12-10,-2217,2019
1139,NI_147,2019-12-20,-2453,2019
1140,NI_147,2020-01-01,-2197,2019
1141,NI_147,2020-01-10,-1583,2019
1142,NI_147,2020-01-20,-1085,2019
1143,NI_147,2020-02-01,-820,2019
1144,NI_147,2020-02-10,-577,2019
1145,NI_147,2020-02-20,-463,2019
1146,NI_147,2020-03-01,-527,2019
1147,NI_147,2020-03-10,-497,2019
1148,NI_147,2020-03-20,-410,2019
1149,NI_147,2020-04-01,-317,2019
1150,NI_147,2020-04-10,-238,2019
1151,NI_147,2020-04-20,-202,2019
1152,NI_192,2016-05-01,163,2016
1153,NI_192,2016-05-10,121,2016
1154,NI_192,2016-05-20,105,2016
1155,NI_192,2016-06-01,61,2016
1156,NI_192,2016-06-10,45,2016
1157,NI_192,2016-06-20,34,2016
1158,NI_192,2016-07-01,64,2016
1159,NI_192,2016-07-10,75,2016
1160,NI_192,2016-07-20,63,2016
1161,NI_192,2016-08-01,62,2016
1162,NI_192,2016-08-10,34,2016
1163,NI_192,2016-08-20,17,2016
1164,NI_192,2016-09-01,11,2016
1165,NI_192,2016-09-10,8,2016
1166,NI_192,2016-09-20,15,2016
1167,NI_192,2016-10-01,26,2016
1168,NI_192,2016-10-10,54,2016
1169,NI_192,2016-10-20,101,2016
1170,NI_192,2016-11-01,152,2016
1171,NI_192,2016-11-10,185,2016
1172,NI_192,2016-11-20,251,2016
1173,NI_192,2016-12-01,331,2016
1174,NI_192,2016-12-10,351,2016
1175,NI_192,2016-12-20,343,2016
1176,NI_192,2017-01-01,322,2016
1177,NI_192,2017-01-10,296,2016
1178,NI_192,2017-01-20,265,2016
1179,NI_192,2017-02-01,307,2016
1180,NI_192,2017-02-10,373,2016
1181,NI_192,2017-02-20,346,2016
1182,NI_192,2017-03-01,267,2016
1183,NI_192,2017-03-10,211,2016
1184,NI_192,2017-03-20,140,2016
1185,NI_192,2017-04-01,71,2016
1186,NI_192,2017-04-10,2,2016
1187,NI_192,2017-04-20,-113,2016
1188,NI_192,2017-05-01,-266,2017
1189,NI_192,2017-05-10,-420,2017
1190,NI_192,2017-05-20,-559,2017
1191,NI_192,2017-06-01,-619,2017
1192,NI_192,2017-06-10,-704,2017
1193,NI_192,2017-06-20,-730,2017
1194,NI_192,2017-07-01,-716,2017
1195,NI_192,2017-07-10,-704,2017
1196,NI_192,2017-07-20,-608,2017
1197,NI_192,2017-08-01,-520,2017
1198,NI_192,2017-08-10,-453,2017
1199,NI_192,2017-08-20,-410,2017
1200,NI_192,2017-09-01,-347,2017
1201,NI_192,2017-09-10,-319,2017
1202,NI_192,2017-09-20,-303,2017
1203,NI_192,2017-10-01,-286,2017
1204,NI_192,2017-10-10,-282,2017
1205,NI_192,2017-10-20,-289,2017
1206,NI_192,2017-11-01,-287,2017
1207,NI_192,2017-11-10,-297,2017
1208,NI_192,2017-11-20,-274,2017
1209,NI_192,2017-12-01,-209,2017
1210,NI_192,2017-12-10,-148,2017
1211,NI_192,2017-12-20,29,2017
1212,NI_192,2018-01-01,209,2017
1213,NI_192,2018-01-10,318,2017
1214,NI_192,2018-01-20,403,2017
1215,NI_192,2018-02-01,365,2017
1216,NI_192,2018-02-10,241,2017
1217,NI_192,2018-02-20,236,2017
1218,NI_192,2018-03-01,141,2017
1219,NI_192,2018-03-10,134,2017
1220,NI_192,2018-03-20,147,2017
1221,NI_192,2018-04-01,144,2017
1222,NI_192,2018-04-10,124,2017
1223,NI_192,2018-04-20,126,2017
1224,NI_192,2018-05-01,114,2018
1225,NI_192,2018-05-10,112,2018
1226,NI_192,2018-05-20,107,2018
1227,NI_192,2018-06-01,157,2018
1228,NI_192,2018-06-10,258,2018
1229,NI_192,2018-06-20,381,2018
1230,NI_192,2018-07-01,438,2018
1231,NI_192,2018-07-10,405,2018
1232,NI_192,2018-07-20,314,2018
1233,NI_192,2018-08-01,179,2018
1234,NI_192,2018-08-10,48,2018
1235,NI_192,2018-08-20,-3,2018
1236,NI_192,2018-09-01,-23,2018
1237,NI_192,2018-09-10,94,2018
1238,NI_192,2018-09-20,227,2018
1239,NI_192,2018-10-01,356,2018
1240,NI_192,2018-10-10,382,2018
1241,NI_192,2018-10-20,373,2018
1242,NI_192,2018-11-01,328,2018
1243,NI_192,2018-11-10,258,2018
1244,NI_192,2018-11-20,127,2018
1245,NI_192,2018-12-01,-110,2018
1246,NI_192,2018-12-10,-293,2018
1247,NI_192,2018-12-20,-384,2018
1248,NI_192,2019-01-01,-325,2018
1249,NI_192,2019-01-10,-210,2018
1250,NI_192,2019-01-20,-55,2018
1251,NI_192,2019-02-01,129,2018
1252,NI_192,2019-02-10,148,2018
1253,NI_192,2019-02-20,183,2018
1254,NI_192,2019-03-01,188,2018
1255,NI_192,2019-03-10,137,2018
1256,NI_192,2019-03-20,86,2018
1257,NI_192,2019-04-01,31,2018
1258,NI_192,2019-04-10,-35,2018
1259,NI_192,2019-04-20,-110,2018
1260,NI_192,2019-05-01,-173,2019
1261,NI_192,2019-05-10,-216,2019
1262,NI_192,2019-05-20,-300,2019
1263,NI_192,2019-06-01,-222,2019
1264,NI_192,2019-06-10,-74,2019
1265,NI_192,2019-06-20,221,2019
1266,NI_192,2019-07-01,417,2019
1267,NI_192,2019-07-10,638,2019
1268,NI_192,2019-07-20,575,2019
1269,NI_192,2019-08-01,365,2019
1270,NI_192,2019-08-10,196,2019
1271,NI_192,2019-08-20,152,2019
1272,NI_192,2019-09-01,224,2019
1273,NI_192,2019-09-10,288,2019
1274,NI_192,2019-09-20,300,2019
1275,NI_192,2019-10-01,243,2019
1276,NI_192,2019-10-10,275,2019
1277,NI_192,2019-10-20,310,2019
1278,NI_192,2019-11-01,249,2019
1279,NI_192,2019-11-10,217,2019
1280,NI_192,2019-11-20,122,2019
1281,NI_192,2019-12-01,-102,2019
1282,NI_192,2019-12-10,-306,2019
1283,NI_192,2019-12-20,-433,2019
1284,NI_192,2020-01-01,-484,2019
1285,NI_192,2020-01-10,-437,2019
1286,NI_192,2020-01-20,-319,2019
1287,NI_192,2020-02-01,-163,2019
1288,NI_192,2020-02-10,-37,2019
1289,NI_192,2020-02-20,40,2019
1290,NI_192,2020-03-01,170,2019
1291,NI_192,2020-03-10,133,2019
1292,NI_192,2020-03-20,92,2019
1293,NI_192,2020-04-01,22,2019
1294,NI_192,2020-04-10,-39,2019
1295,NI_192,2020-04-20,-76,2019
1296,NI_218,2016-05-01,18,2016
1297,NI_218,2016-05-10,34,2016
1298,NI_218,2016-05-20,50,2016
1299,NI_218,2016-06-01,70,2016
1300,NI_218,2016-06-10,103,2016
1301,NI_218,2016-06-20,145,2016
1302,NI_218,2016-07-01,132,2016
1303,NI_218,2016-07-10,107,2016
1304,NI_218,2016-07-20,113,2016
1305,NI_218,2016-08-01,141,2016
1306,NI_218,2016-08-10,142,2016
1307,NI_218,2016-08-20,133,2016
1308,NI_218,2016-09-01,130,2016
1309,NI_218,2016-09-10,114,2016
1310,NI_218,2016-09-20,103,2016
1311,NI_218,2016-10-01,88,2016
1312,NI_218,2016-10-10,63,2016
1313,NI_218,2016-10-20,37,2016
1314,NI_218,2016-11-01,26,2016
1315,NI_218,2016-11-10,-4,2016
1316,NI_218,2016-11-20,-4,2016
1317,NI_218,2016-12-01,101,2016
1318,NI_218,2016-12-10,167,2016
1319,NI_218,2016-12-20,233,2016
1320,NI_218,2017-01-01,269,2016
1321,NI_218,2017-01-10,242,2016
1322,NI_218,2017-01-20,225,2016
1323,NI_218,2017-02-01,169,2016
1324,NI_218,2017-02-10,148,2016
1325,NI_218,2017-02-20,133,2016
1326,NI_218,2017-03-01,130,2016
1327,NI_218,2017-03-10,108,2016
1328,NI_218,2017-03-20,88,2016
1329,NI_218,2017-04-01,74,2016
1330,NI_218,2017-04-10,41,2016
1331,NI_218,2017-04-20,-13,2016
1332,NI_218,2017-05-01,-53,2017
1333,NI_218,2017-05-10,-100,2017
1334,NI_218,2017-05-20,-153,2017
1335,NI_218,2017-06-01,-177,2017
1336,NI_218,2017-06-10,-188,2017
1337,NI_218,2017-06-20,-201,2017
1338,NI_218,2017-07-01,-196,2017
1339,NI_218,2017-07-10,-168,2017
1340,NI_218,2017-07-20,-97,2017
1341,NI_218,2017-08-01,9,2017
1342,NI_218,2017-08-10,59,2017
1343,NI_218,2017-08-20,93,2017
1344,NI_218,2017-09-01,125,2017
1345,NI_218,2017-09-10,137,2017
1346,NI_218,2017-09-20,129,2017
1347,NI_218,2017-10-01,132,2017
1348,NI_218,2017-10-10,132,2017
1349,NI_218,2017-10-20,110,2017
1350,NI_218,2017-11-01,82,2017
1351,NI_218,2017-11-10,72,2017
1352,NI_218,2017-11-20,43,2017
1353,NI_218,2017-12-01,55,2017
1354,NI_218,2017-12-10,40,2017
1355,NI_218,2017-12-20,17,2017
1356,NI_218,2018-01-01,-33,2017
1357,NI_218,2018-01-10,-30,2017
1358,NI_218,2018-01-20,-6,2017
1359,NI_218,2018-02-01,-2,2017
1360,NI_218,2018-02-10,-1,2017
1361,NI_218,2018-02-20,-6,2017
1362,NI_218,2018-03-01,27,2017
1363,NI_218,2018-03-10,55,2017
1364,NI_218,2018-03-20,41,2017
1365,NI_218,2018-04-01,34,2017
1366,NI_218,2018-04-10,14,2017
1367,NI_218,2018-04-20,13,2017
1368,NI_218,2018-05-01,11,2018
1369,NI_218,2018-05-10,10,2018
1370,NI_218,2018-05-20,44,2018
1371,NI_218,2018-06-01,82,2018
1372,NI_218,2018-06-10,147,2018
1373,NI_218,2018-06-20,234,2018
1374,NI_218,2018-07-01,345,2018
1375,NI_218,2018-07-10,434,2018
1376,NI_218,2018-07-20,410,2018
1377,NI_218,2018-08-01,406,2018
1378,NI_218,2018-08-10,324,2018
1379,NI_218,2018-08-20,261,2018
1380,NI_218,2018-09-01,270,2018
1381,NI_218,2018-09-10,295,2018
1382,NI_218,2018-09-20,274,2018
1383,NI_218,2018-10-01,174,2018
1384,NI_218,2018-10-10,-95,2018
1385,NI_218,2018-10-20,-252,2018
1386,NI_218,2018-11-01,-181,2018
1387,NI_218,2018-11-10,-93,2018
1388,NI_218,2018-11-20,-9,2018
1389,NI_218,2018-12-01,253,2018
1390,NI_218,2018-12-10,501,2018
1391,NI_218,2018-12-20,580,2018
1392,NI_218,2019-01-01,454,2018
1393,NI_218,2019-01-10,188,2018
1394,NI_218,2019-01-20,-26,2018
1395,NI_218,2019-02-01,-125,2018
1396,NI_218,2019-02-10,-116,2018
1397,NI_218,2019-02-20,-114,2018
1398,NI_218,2019-03-01,-89,2018
1399,NI_218,2019-03-10,-72,2018
1400,NI_218,2019-03-20,-68,2018
1401,NI_218,2019-04-01,-89,2018
1402,NI_218,2019-04-10,-89,2018
1403,NI_218,2019-04-20,-93,2018
1404,NI_218,2019-05-01,-116,2019
1405,NI_218,2019-05-10,-133,2019
1406,NI_218,2019-05-20,-158,2019
1407,NI_218,2019-06-01,-125,2019
1408,NI_218,2019-06-10,-57,2019
1409,NI_218,2019-06-20,147,2019
1410,NI_218,2019-07-01,262,2019
1411,NI_218,2019-07-10,557,2019
1412,NI_218,2019-07-20,618,2019
1413,NI_218,2019-08-01,441,2019
1414,NI_218,2019-08-10,287,2019
1415,NI_218,2019-08-20,144,2019
1416,NI_218,2019-09-01,90,2019
1417,NI_218,2019-09-10,164,2019
1418,NI_218,2019-09-20,238,2019
1419,NI_218,2019-10-01,272,2019
1420,NI_218,2019-10-10,273,2019
1421,NI_218,2019-10-20,289,2019
1422,NI_218,2019-11-01,311,2019
1423,NI_218,2019-11-10,347,2019
1424,NI_218,2019-11-20,402,2019
1425,NI_218,2019-12-01,440,2019
1426,NI_218,2019-12-10,460,2019
1427,NI_218,2019-12-20,427,2019
1428,NI_218,2020-01-01,320,2019
1429,NI_218,2020-01-10,218,2019
1430,NI_218,2020-01-20,82,2019
1431,NI_218,2020-02-01,-43,2019
1432,NI_218,2020-02-10,-102,2019
1433,NI_218,2020-02-20,-115,2019
1434,NI_218,2020-03-01,-126,2019
1435,NI_218,2020-03-10,-83,2019
1436,NI_218,2020-03-20,-60,2019
1437,NI_218,2020-04-01,-19,2019
1438,NI_218,2020-04-10,12,2019
1439,NI_218,2020-04-20,14,2019
1440,NI_480,2016-05-01,398,2016
1441,NI_480,2016-05-10,419,2016
1442,NI_480,2016-05-20,453,2016
1443,NI_480,2016-06-01,473,2016
1444,NI_480,2016-06-10,503,2016
1445,NI_480,2016-06-20,521,2016
1446,NI_480,2016-07-01,540,2016
1447,NI_480,2016-07-10,576,2016
1448,NI_480,2016-07-20,610,2016
1449,NI_480,2016-08-01,645,2016
1450,NI_480,2016-08-10,680,2016
1451,NI_480,2016-08-20,694,2016
1452,NI_480,2016-09-01,691,2016
1453,NI_480,2016-09-10,673,2016
1454,NI_480,2016-09-20,639,2016
1455,NI_480,2016-10-01,594,2016
1456,NI_480,2016-10-10,532,2016
1457,NI_480,2016-10-20,450,2016
1458,NI_480,2016-11-01,359,2016
1459,NI_480,2016-11-10,286,2016
1460,NI_480,2016-11-20,271,2016
1461,NI_480,2016-12-01,309,2016
1462,NI_480,2016-12-10,396,2016
1463,NI_480,2016-12-20,483,2016
1464,NI_480,2017-01-01,584,2016
1465,NI_480,2017-01-10,699,2016
1466,NI_480,2017-01-20,750,2016
1467,NI_480,2017-02-01,724,2016
1468,NI_480,2017-02-10,631,2016
1469,NI_480,2017-02-20,550,2016
1470,NI_480,2017-03-01,399,2016
1471,NI_480,2017-03-10,398,2016
1472,NI_480,2017-03-20,394,2016
1473,NI_480,2017-04-01,370,2016
1474,NI_480,2017-04-10,324,2016
1475,NI_480,2017-04-20,259,2016
1476,NI_480,2017-05-01,201,2017
1477,NI_480,2017-05-10,278,2017
1478,NI_480,2017-05-20,446,2017
1479,NI_480,2017-06-01,654,2017
1480,NI_480,2017-06-10,876,2017
1481,NI_480,2017-06-20,1060,2017
1482,NI_480,2017-07-01,1209,2017
1483,NI_480,2017-07-10,1313,2017
1484,NI_480,2017-07-20,1327,2017
1485,NI_480,2017-08-01,1266,2017
1486,NI_480,2017-08-10,1164,2017
1487,NI_480,2017-08-20,1027,2017
1488,NI_480,2017-09-01,894,2017
1489,NI_480,2017-09-10,783,2017
1490,NI_480,2017-09-20,659,2017
1491,NI_480,2017-10-01,545,2017
1492,NI_480,2017-10-10,446,2017
1493,NI_480,2017-10-20,368,2017
1494,NI_480,2017-11-01,302,2017
1495,NI_480,2017-11-10,241,2017
1496,NI_480,2017-11-20,148,2017
1497,NI_480,2017-12-01,46,2017
1498,NI_480,2017-12-10,-18,2017
1499,NI_480,2017-12-20,-112,2017
1500,NI_480,2018-01-01,-170,2017
1501,NI_480,2018-01-10,-216,2017
1502,NI_480,2018-01-20,-267,2017
1503,NI_480,2018-02-01,-295,2017
1504,NI_480,2018-02-10,-253,2017
1505,NI_480,2018-02-20,-181,2017
1506,NI_480,2018-03-01,-96,2017
1507,NI_480,2018-03-10,59,2017
1508,NI_480,2018-03-20,256,2017
1509,NI_480,2018-04-01,392,2017
1510,NI_480,2018-04-10,480,2017
1511,NI_480,2018-04-20,523,2017
1512,NI_480,2018-05-01,544,2018
1513,NI_480,2018-05-10,558,2018
1514,NI_480,2018-05-20,572,2018
1515,NI_480,2018-06-01,592,2018
1516,NI_480,2018-06-10,596,2018
1517,NI_480,2018-06-20,589,2018
1518,NI_480,2018-07-01,585,2018
1519,NI_480,2018-07-10,587,2018
1520,NI_480,2018-07-20,580,2018
1521,NI_480,2018-08-01,546,2018
1522,NI_480,2018-08-10,544,2018
1523,NI_480,2018-08-20,577,2018
1524,NI_480,2018-09-01,610,2018
1525,NI_480,2018-09-10,628,2018
1526,NI_480,2018-09-20,688,2018
1527,NI_480,2018-10-01,782,2018
1528,NI_480,2018-10-10,785,2018
1529,NI_480,2018-10-20,740,2018
1530,NI_480,2018-11-01,745,2018
1531,NI_480,2018-11-10,472,2018
1532,NI_480,2018-11-20,284,2018
1533,NI_480,2018-12-01,135,2018
1534,NI_480,2018-12-10,51,2018
1535,NI_480,2018-12-20,35,2018
1536,NI_480,2019-01-01,137,2018
1537,NI_480,2019-01-10,219,2018
1538,NI_480,2019-01-20,340,2018
1539,NI_480,2019-02-01,375,2018
1540,NI_480,2019-02-10,345,2018
1541,NI_480,2019-02-20,325,2018
1542,NI_480,2019-03-01,319,2018
1543,NI_480,2019-03-10,347,2018
1544,NI_480,2019-03-20,415,2018
1545,NI_480,2019-04-01,538,2018
1546,NI_480,2019-04-10,677,2018
1547,NI_480,2019-04-20,806,2018
1548,NI_480,2019-05-01,888,2019
1549,NI_480,2019-05-10,1009,2019
1550,NI_480,2019-05-20,1119,2019
1551,NI_480,2019-06-01,1094,2019
1552,NI_480,2019-06-10,898,2019
1553,NI_480,2019-06-20,828,2019
1554,NI_480,2019-07-01,637,2019
1555,NI_480,2019-07-10,390,2019
1556,NI_480,2019-07-20,279,2019
1557,NI_480,2019-08-01,310,2019
1558,NI_480,2019-08-10,392,2019
1559,NI_480,2019-08-20,463,2019
1560,NI_480,2019-09-01,518,2019
1561,NI_480,2019-09-10,488,2019
1562,NI_480,2019-09-20,435,2019
1563,NI_480,2019-10-01,229,2019
1564,NI_480,2019-10-10,46,2019
1565,NI_480,2019-10-20,-41,2019
1566,NI_480,2019-11-01,-38,2019
1567,NI_480,2019-11-10,10,2019
1568,NI_480,2019-11-20,130,2019
1569,NI_480,2019-12-01,197,2019
1570,NI_480,2019-12-10,264,2019
1571,NI_480,2019-12-20,329,2019
1572,NI_480,2020-01-01,323,2019
1573,NI_480,2020-01-10,264,2019
1574,NI_480,2020-01-20,145,2019
1575,NI_480,2020-02-01,24,2019
1576,NI_480,2020-02-10,-9,2019
1577,NI_480,2020-02-20,24,2019
1578,NI_480,2020-03-01,50,2019
1579,NI_480,2020-03-10,93,2019
1580,NI_480,2020-03-20,142,2019
1581,NI_480,2020-04-01,182,2019
1582,NI_480,2020-04-10,216,2019
1583,NI_480,2020-04-20,231,2019
1584,NI_660,2016-05-01,-126,2016
1585,NI_660,2016-05-10,-75,2016
1586,NI_660,2016-05-20,5,2016
1587,NI_660,2016-06-01,35,2016
1588,NI_660,2016-06-10,56,2016
1589,NI_660,2016-06-20,89,2016
1590,NI_660,2016-07-01,103,2016
1591,NI_660,2016-07-10,104,2016
1592,NI_660,2016-07-20,85,2016
1593,NI_660,2016-08-01,71,2016
1594,NI_660,2016-08-10,48,2016
1595,NI_660,2016-08-20,23,2016
1596,NI_660,2016-09-01,-4,2016
1597,NI_660,2016-09-10,-29,2016
1598,NI_660,2016-09-20,-43,2016
1599,NI_660,2016-10-01,-53,2016
1600,NI_660,2016-10-10,-60,2016
1601,NI_660,2016-10-20,-65,2016
1602,NI_660,2016-11-01,-66,2016
1603,NI_660,2016-11-10,-63,2016
1604,NI_660,2016-11-20,-55,2016
1605,NI_660,2016-12-01,-45,2016
1606,NI_660,2016-12-10,-28,2016
1607,NI_660,2016-12-20,-11,2016
1608,NI_660,2017-01-01,8,2016
1609,NI_660,2017-01-10,36,2016
1610,NI_660,2017-01-20,48,2016
1611,NI_660,2017-02-01,36,2016
1612,NI_660,2017-02-10,4,2016
1613,NI_660,2017-02-20,5,2016
1614,NI_660,2017-03-01,-94,2016
1615,NI_660,2017-03-10,-95,2016
1616,NI_660,2017-03-20,-100,2016
1617,NI_660,2017-04-01,-118,2016
1618,NI_660,2017-04-10,-165,2016
1619,NI_660,2017-04-20,-221,2016
1620,NI_660,2017-05-01,-287,2017
1621,NI_660,2017-05-10,-388,2017
1622,NI_660,2017-05-20,-412,2017
1623,NI_660,2017-06-01,-345,2017
1624,NI_660,2017-06-10,-324,2017
1625,NI_660,2017-06-20,-223,2017
1626,NI_660,2017-07-01,-61,2017
1627,NI_660,2017-07-10,101,2017
1628,NI_660,2017-07-20,190,2017
1629,NI_660,2017-08-01,234,2017
1630,NI_660,2017-08-10,217,2017
1631,NI_660,2017-08-20,200,2017
1632,NI_660,2017-09-01,167,2017
1633,NI_660,2017-09-10,106,2017
1634,NI_660,2017-09-20,71,2017
1635,NI_660,2017-10-01,48,2017
1636,NI_660,2017-10-10,37,2017
1637,NI_660,2017-10-20,51,2017
1638,NI_660,2017-11-01,85,2017
1639,NI_660,2017-11-10,117,2017
1640,NI_660,2017-11-20,154,2017
1641,NI_660,2017-12-01,193,2017
1642,NI_660,2017-12-10,180,2017
1643,NI_660,2017-12-20,126,2017
1644,NI_660,2018-01-01,3,2017
1645,NI_660,2018-01-10,-136,2017
1646,NI_660,2018-01-20,-250,2017
1647,NI_660,2018-02-01,-324,2017
1648,NI_660,2018-02-10,-376,2017
1649,NI_660,2018-02-20,-372,2017
1650,NI_660,2018-03-01,-487,2017
1651,NI_660,2018-03-10,-449,2017
1652,NI_660,2018-03-20,-398,2017
1653,NI_660,2018-04-01,-377,2017
1654,NI_660,2018-04-10,-413,2017
1655,NI_660,2018-04-20,-444,2017
1656,NI_660,2018-05-01,-459,2018
1657,NI_660,2018-05-10,-514,2018
1658,NI_660,2018-05-20,-587,2018
1659,NI_660,2018-06-01,-524,2018
1660,NI_660,2018-06-10,-362,2018
1661,NI_660,2018-06-20,-264,2018
1662,NI_660,2018-07-01,-57,2018
1663,NI_660,2018-07-10,151,2018
1664,NI_660,2018-07-20,260,2018
1665,NI_660,2018-08-01,302,2018
1666,NI_660,2018-08-10,289,2018
1667,NI_660,2018-08-20,336,2018
1668,NI_660,2018-09-01,231,2018
1669,NI_660,2018-09-10,72,2018
1670,NI_660,2018-09-20,-4,2018
1671,NI_660,2018-10-01,-98,2018
1672,NI_660,2018-10-10,-213,2018
1673,NI_660,2018-10-20,-278,2018
1674,NI_660,2018-11-01,-293,2018
1675,NI_660,2018-11-10,-266,2018
1676,NI_660,2018-11-20,-170,2018
1677,NI_660,2018-12-01,-40,2018
1678,NI_660,2018-12-10,123,2018
1679,NI_660,2018-12-20,305,2018
1680,NI_660,2019-01-01,443,2018
1681,NI_660,2019-01-10,511,2018
1682,NI_660,2019-01-20,532,2018
1683,NI_660,2019-02-01,427,2018
1684,NI_660,2019-02-10,319,2018
1685,NI_660,2019-02-20,238,2018
1686,NI_660,2019-03-01,153,2018
1687,NI_660,2019-03-10,113,2018
1688,NI_660,2019-03-20,95,2018
1689,NI_660,2019-04-01,80,2018
1690,NI_660,2019-04-10,75,2018
1691,NI_660,2019-04-20,75,2018
1692,NI_660,2019-05-01,84,2019
1693,NI_660,2019-05-10,107,2019
1694,NI_660,2019-05-20,139,2019
1695,NI_660,2019-06-01,83,2019
1696,NI_660,2019-06-10,21,2019
1697,NI_660,2019-06-20,-16,2019
1698,NI_660,2019-07-01,-65,2019
1699,NI_660,2019-07-10,-52,2019
1700,NI_660,2019-07-20,75,2019
1701,NI_660,2019-08-01,203,2019
1702,NI_660,2019-08-10,274,2019
1703,NI_660,2019-08-20,338,2019
1704,NI_660,2019-09-01,340,2019
1705,NI_660,2019-09-10,302,2019
1706,NI_660,2019-09-20,261,2019
1707,NI_660,2019-10-01,291,2019
1708,NI_660,2019-10-10,366,2019
1709,NI_660,2019-10-20,357,2019
1710,NI_660,2019-11-01,266,2019
1711,NI_660,2019-11-10,162,2019
1712,NI_660,2019-11-20,48,2019
1713,NI_660,2019-12-01,-25,2019
1714,NI_660,2019-12-10,-34,2019
1715,NI_660,2019-12-20,-16,2019
1716,NI_660,2020-01-01,-34,2019
1717,NI_660,2020-01-10,-19,2019
1718,NI_660,2020-01-20,35,2019
1719,NI_660,2020-02-01,90,2019
1720,NI_660,2020-02-10,116,2019
1721,NI_660,2020-02-20,78,2019
1722,NI_660,2020-03-01,-65,2019
1723,NI_660,2020-03-10,-84,2019
1724,NI_660,2020-03-20,-111,2019
1725,NI_660,2020-04-01,-112,2019
1726,NI_660,2020-04-10,-99,2019
1727,NI_660,2020-04-20,-105,2019
1728,NI_697,2016-05-01,229,2016
1729,NI_697,2016-05-10,314,2016
1730,NI_697,2016-05-20,285,2016
1731,NI_697,2016-06-01,365,2016
1732,NI_697,2016-06-10,370,2016
1733,NI_697,2016-06-20,347,2016
1734,NI_697,2016-07-01,321,2016
1735,NI_697,2016-07-10,304,2016
1736,NI_697,2016-07-20,286,2016
1737,NI_697,2016-08-01,269,2016
1738,NI_697,2016-08-10,248,2016
1739,NI_697,2016-08-20,219,2016
1740,NI_697,2016-09-01,201,2016
1741,NI_697,2016-09-10,181,2016
1742,NI_697,2016-09-20,178,2016
1743,NI_697,2016-10-01,188,2016
1744,NI_697,2016-10-10,189,2016
1745,NI_697,2016-10-20,192,2016
1746,NI_697,2016-11-01,177,2016
1747,NI_697,2016-11-10,157,2016
1748,NI_697,2016-11-20,133,2016
1749,NI_697,2016-12-01,108,2016
1750,NI_697,2016-12-10,81,2016
1751,NI_697,2016-12-20,48,2016
1752,NI_697,2017-01-01,11,2016
1753,NI_697,2017-01-10,9,2016
1754,NI_697,2017-01-20,11,2016
1755,NI_697,2017-02-01,-2,2016
1756,NI_697,2017-02-10,-98,2016
1757,NI_697,2017-02-20,-205,2016
1758,NI_697,2017-03-01,-320,2016
1759,NI_697,2017-03-10,-375,2016
1760,NI_697,2017-03-20,-453,2016
1761,NI_697,2017-04-01,-407,2016
1762,NI_697,2017-04-10,-300,2016
1763,NI_697,2017-04-20,-139,2016
1764,NI_697,2017-05-01,51,2017
1765,NI_697,2017-05-10,358,2017
1766,NI_697,2017-05-20,566,2017
1767,NI_697,2017-06-01,755,2017
1768,NI_697,2017-06-10,883,2017
1769,NI_697,2017-06-20,924,2017
1770,NI_697,2017-07-01,902,2017
1771,NI_697,2017-07-10,841,2017
1772,NI_697,2017-07-20,655,2017
1773,NI_697,2017-08-01,415,2017
1774,NI_697,2017-08-10,239,2017
1775,NI_697,2017-08-20,108,2017
1776,NI_697,2017-09-01,16,2017
1777,NI_697,2017-09-10,-74,2017
1778,NI_697,2017-09-20,-145,2017
1779,NI_697,2017-10-01,-182,2017
1780,NI_697,2017-10-10,-199,2017
1781,NI_697,2017-10-20,-202,2017
1782,NI_697,2017-11-01,-187,2017
1783,NI_697,2017-11-10,-197,2017
1784,NI_697,2017-11-20,-201,2017
1785,NI_697,2017-12-01,-194,2017
1786,NI_697,2017-12-10,-90,2017
1787,NI_697,2017-12-20,95,2017
1788,NI_697,2018-01-01,237,2017
1789,NI_697,2018-01-10,337,2017
1790,NI_697,2018-01-20,393,2017
1791,NI_697,2018-02-01,379,2017
1792,NI_697,2018-02-10,322,2017
1793,NI_697,2018-02-20,277,2017
1794,NI_697,2018-03-01,139,2017
1795,NI_697,2018-03-10,101,2017
1796,NI_697,2018-03-20,35,2017
1797,NI_697,2018-04-01,-48,2017
1798,NI_697,2018-04-10,-179,2017
1799,NI_697,2018-04-20,-399,2017
1800,NI_697,2018-05-01,-632,2018
1801,NI_697,2018-05-10,-808,2018
1802,NI_697,2018-05-20,-965,2018
1803,NI_697,2018-06-01,-1061,2018
1804,NI_697,2018-06-10,-947,2018
1805,NI_697,2018-06-20,-758,2018
1806,NI_697,2018-07-01,-459,2018
1807,NI_697,2018-07-10,-268,2018
1808,NI_697,2018-07-20,-114,2018
1809,NI_697,2018-08-01,0,2018
1810,NI_697,2018-08-10,-24,2018
1811,NI_697,2018-08-20,-135,2018
1812,NI_697,2018-09-01,-214,2018
1813,NI_697,2018-09-10,-293,2018
1814,NI_697,2018-09-20,-238,2018
1815,NI_697,2018-10-01,-5,2018
1816,NI_697,2018-10-10,225,2018
1817,NI_697,2018-10-20,397,2018
1818,NI_697,2018-11-01,484,2018
1819,NI_697,2018-11-10,434,2018
1820,NI_697,2018-11-20,265,2018
1821,NI_697,2018-12-01,85,2018
1822,NI_697,2018-12-10,-52,2018
1823,NI_697,2018-12-20,-229,2018
1824,NI_697,2019-01-01,-422,2018
1825,NI_697,2019-01-10,-527,2018
1826,NI_697,2019-01-20,-407,2018
1827,NI_697,2019-02-01,-312,2018
1828,NI_697,2019-02-10,-204,2018
1829,NI_697,2019-02-20,-136,2018
1830,NI_697,2019-03-01,-72,2018
1831,NI_697,2019-03-10,-20,2018
1832,NI_697,2019-03-20,21,2018
1833,NI_697,2019-04-01,56,2018
1834,NI_697,2019-04-10,98,2018
1835,NI_697,2019-04-20,133,2018
1836,NI_697,2019-05-01,175,2019
1837,NI_697,2019-05-10,237,2019
1838,NI_697,2019-05-20,245,2019
1839,NI_697,2019-06-01,229,2019
1840,NI_697,2019-06-10,217,2019
1841,NI_697,2019-06-20,186,2019
1842,NI_697,2019-07-01,222,2019
1843,NI_697,2019-07-10,257,2019
1844,NI_697,2019-07-20,373,2019
1845,NI_697,2019-08-01,491,2019
1846,NI_697,2019-08-10,548,2019
1847,NI_697,2019-08-20,474,2019
1848,NI_697,2019-09-01,353,2019
1849,NI_697,2019-09-10,212,2019
1850,NI_697,2019-09-20,109,2019
1851,NI_697,2019-10-01,-39,2019
1852,NI_697,2019-10-10,-274,2019
1853,NI_697,2019-10-20,-356,2019
1854,NI_697,2019-11-01,-311,2019
1855,NI_697,2019-11-10,-168,2019
1856,NI_697,2019-11-20,-25,2019
1857,NI_697,2019-12-01,62,2019
1858,NI_697,2019-12-10,61,2019
1859,NI_697,2019-12-20,36,2019
1860,NI_697,2020-01-01,-10,2019
1861,NI_697,2020-01-10,-117,2019
1862,NI_697,2020-01-20,-178,2019
1863,NI_697,2020-02-01,-134,2019
1864,NI_697,2020-02-10,-52,2019
1865,NI_697,2020-02-20,0,2019
1866,NI_697,2020-03-01,83,2019
1867,NI_697,2020-03-10,92,2019
1868,NI_697,2020-03-20,100,2019
1869,NI_697,2020-04-01,106,2019
1870,NI_697,2020-04-10,93,2019
1871,NI_697,2020-04-20,89,2019
1872,NI_470,2016-05-01,120,2016
1873,NI_470,2016-05-10,109,2016
1874,NI_470,2016-05-20,100,2016
1875,NI_470,2016-06-01,97,2016
1876,NI_470,2016-06-10,92,2016
1877,NI_470,2016-06-20,120,2016
1878,NI_470,2016-07-01,140,2016
1879,NI_470,2016-07-10,159,2016
1880,NI_470,2016-07-20,179,2016
1881,NI_470,2016-08-01,193,2016
1882,NI_470,2016-08-10,201,2016
1883,NI_470,2016-08-20,204,2016
1884,NI_470,2016-09-01,196,2016
1885,NI_470,2016-09-10,183,2016
1886,NI_470,2016-09-20,169,2016
1887,NI_470,2016-10-01,152,2016
1888,NI_470,2016-10-10,89,2016
1889,NI_470,2016-10-20,32,2016
1890,NI_470,2016-11-01,-116,2016
1891,NI_470,2016-11-10,-255,2016
1892,NI_470,2016-11-20,-244,2016
1893,NI_470,2016-12-01,-145,2016
1894,NI_470,2016-12-10,8,2016
1895,NI_470,2016-12-20,184,2016
1896,NI_470,2017-01-01,406,2016
1897,NI_470,2017-01-10,451,2016
1898,NI_470,2017-01-20,423,2016
1899,NI_470,2017-02-01,388,2016
1900,NI_470,2017-02-10,358,2016
1901,NI_470,2017-02-20,303,2016
1902,NI_470,2017-03-01,311,2016
1903,NI_470,2017-03-10,256,2016
1904,NI_470,2017-03-20,202,2016
1905,NI_470,2017-04-01,163,2016
1906,NI_470,2017-04-10,111,2016
1907,NI_470,2017-04-20,60,2016
1908,NI_470,2017-05-01,6,2017
1909,NI_470,2017-05-10,-56,2017
1910,NI_470,2017-05-20,-71,2017
1911,NI_470,2017-06-01,-11,2017
1912,NI_470,2017-06-10,49,2017
1913,NI_470,2017-06-20,169,2017
1914,NI_470,2017-07-01,315,2017
1915,NI_470,2017-07-10,452,2017
1916,NI_470,2017-07-20,619,2017
1917,NI_470,2017-08-01,679,2017
1918,NI_470,2017-08-10,564,2017
1919,NI_470,2017-08-20,280,2017
1920,NI_470,2017-09-01,-57,2017
1921,NI_470,2017-09-10,-281,2017
1922,NI_470,2017-09-20,-400,2017
1923,NI_470,2017-10-01,-455,2017
1924,NI_470,2017-10-10,-340,2017
1925,NI_470,2017-10-20,-174,2017
1926,NI_470,2017-11-01,-52,2017
1927,NI_470,2017-11-10,203,2017
1928,NI_470,2017-11-20,239,2017
1929,NI_470,2017-12-01,158,2017
1930,NI_470,2017-12-10,8,2017
1931,NI_470,2017-12-20,-127,2017
1932,NI_470,2018-01-01,-252,2017
1933,NI_470,2018-01-10,-432,2017
1934,NI_470,2018-01-20,-618,2017
1935,NI_470,2018-02-01,-735,2017
1936,NI_470,2018-02-10,-849,2017
1937,NI_470,2018-02-20,-928,2017
1938,NI_470,2018-03-01,-787,2017
1939,NI_470,2018-03-10,-862,2017
1940,NI_470,2018-03-20,-855,2017
1941,NI_470,2018-04-01,-819,2017
1942,NI_470,2018-04-10,-769,2017
1943,NI_470,2018-04-20,-684,2017
1944,NI_470,2018-05-01,-662,2018
1945,NI_470,2018-05-10,-588,2018
1946,NI_470,2018-05-20,-392,2018
1947,NI_470,2018-06-01,-199,2018
1948,NI_470,2018-06-10,-88,2018
1949,NI_470,2018-06-20,80,2018
1950,NI_470,2018-07-01,227,2018
1951,NI_470,2018-07-10,238,2018
1952,NI_470,2018-07-20,188,2018
1953,NI_470,2018-08-01,39,2018
1954,NI_470,2018-08-10,-113,2018
1955,NI_470,2018-08-20,-177,2018
1956,NI_470,2018-09-01,-167,2018
1957,NI_470,2018-09-10,-113,2018
1958,NI_470,2018-09-20,-64,2018
1959,NI_470,2018-10-01,47,2018
1960,NI_470,2018-10-10,194,2018
1961,NI_470,2018-10-20,291,2018
1962,NI_470,2018-11-01,394,2018
1963,NI_470,2018-11-10,488,2018
1964,NI_470,2018-11-20,413,2018
1965,NI_470,2018-12-01,154,2018
1966,NI_470,2018-12-10,-153,2018
1967,NI_470,2018-12-20,-406,2018
1968,NI_470,2019-01-01,-536,2018
1969,NI_470,2019-01-10,-508,2018
1970,NI_470,2019-01-20,-387,2018
1971,NI_470,2019-02-01,-30,2018
1972,NI_470,2019-02-10,190,2018
1973,NI_470,2019-02-20,261,2018
1974,NI_470,2019-03-01,312,2018
1975,NI_470,2019-03-10,322,2018
1976,NI_470,2019-03-20,317,2018
1977,NI_470,2019-04-01,270,2018
1978,NI_470,2019-04-10,269,2018
1979,NI_470,2019-04-20,225,2018
1980,NI_470,2019-05-01,122,2019
1981,NI_470,2019-05-10,-35,2019
1982,NI_470,2019-05-20,-376,2019
1983,NI_470,2019-06-01,-902,2019
1984,NI_470,2019-06-10,-1418,2019
1985,NI_470,2019-06-20,-2011,2019
1986,NI_470,2019-07-01,-2289,2019
1987,NI_470,2019-07-10,-2043,2019
1988,NI_470,2019-07-20,-1332,2019
1989,NI_470,2019-08-01,-232,2019
1990,NI_470,2019-08-10,801,2019
1991,NI_470,2019-08-20,1516,2019
1992,NI_470,2019-09-01,1700,2019
1993,NI_470,2019-09-10,1459,2019
1994,NI_470,2019-09-20,1163,2019
1995,NI_470,2019-10-01,672,2019
1996,NI_470,2019-10-10,292,2019
1997,NI_470,2019-10-20,-24,2019
1998,NI_470,2019-11-01,64,2019
1999,NI_470,2019-11-10,186,2019
2000,NI_470,2019-11-20,278,2019
2001,NI_470,2019-12-01,138,2019
2002,NI_470,2019-12-10,-137,2019
2003,NI_470,2019-12-20,-237,2019
2004,NI_470,2020-01-01,-181,2019
2005,NI_470,2020-01-10,104,2019
2006,NI_470,2020-01-20,318,2019
2007,NI_470,2020-02-01,379,2019
2008,NI_470,2020-02-10,400,2019
2009,NI_470,2020-02-20,403,2019
2010,NI_470,2020-03-01,260,2019
2011,NI_470,2020-03-10,278,2019
2012,NI_470,2020-03-20,333,2019
2013,NI_470,2020-04-01,315,2019
2014,NI_470,2020-04-10,280,2019
2015,NI_470,2020-04-20,257,2019
2016,NI_482,2016-05-01,159,2016
2017,NI_482,2016-05-10,158,2016
2018,NI_482,2016-05-20,183,2016
2019,NI_482,2016-06-01,210,2016
2020,NI_482,2016-06-10,213,2016
2021,NI_482,2016-06-20,186,2016
2022,NI_482,2016-07-01,208,2016
2023,NI_482,2016-07-10,207,2016
2024,NI_482,2016-07-20,174,2016
2025,NI_482,2016-08-01,142,2016
2026,NI_482,2016-08-10,136,2016
2027,NI_482,2016-08-20,133,2016
2028,NI_482,2016-09-01,142,2016
2029,NI_482,2016-09-10,168,2016
2030,NI_482,2016-09-20,234,2016
2031,NI_482,2016-10-01,352,2016
2032,NI_482,2016-10-10,491,2016
2033,NI_482,2016-10-20,622,2016
2034,NI_482,2016-11-01,719,2016
2035,NI_482,2016-11-10,717,2016
2036,NI_482,2016-11-20,570,2016
2037,NI_482,2016-12-01,400,2016
2038,NI_482,2016-12-10,304,2016
2039,NI_482,2016-12-20,214,2016
2040,NI_482,2017-01-01,146,2016
2041,NI_482,2017-01-10,119,2016
2042,NI_482,2017-01-20,131,2016
2043,NI_482,2017-02-01,139,2016
2044,NI_482,2017-02-10,153,2016
2045,NI_482,2017-02-20,168,2016
2046,NI_482,2017-03-01,166,2016
2047,NI_482,2017-03-10,143,2016
2048,NI_482,2017-03-20,136,2016
2049,NI_482,2017-04-01,141,2016
2050,NI_482,2017-04-10,143,2016
2051,NI_482,2017-04-20,127,2016
2052,NI_482,2017-05-01,94,2017
2053,NI_482,2017-05-10,66,2017
2054,NI_482,2017-05-20,56,2017
2055,NI_482,2017-06-01,83,2017
2056,NI_482,2017-06-10,89,2017
2057,NI_482,2017-06-20,102,2017
2058,NI_482,2017-07-01,92,2017
2059,NI_482,2017-07-10,31,2017
2060,NI_482,2017-07-20,-69,2017
2061,NI_482,2017-08-01,-210,2017
2062,NI_482,2017-08-10,-323,2017
2063,NI_482,2017-08-20,-393,2017
2064,NI_482,2017-09-01,-397,2017
2065,NI_482,2017-09-10,-388,2017
2066,NI_482,2017-09-20,-311,2017
2067,NI_482,2017-10-01,-241,2017
2068,NI_482,2017-10-10,-175,2017
2069,NI_482,2017-10-20,-126,2017
2070,NI_482,2017-11-01,-81,2017
2071,NI_482,2017-11-10,-27,2017
2072,NI_482,2017-11-20,25,2017
2073,NI_482,2017-12-01,49,2017
2074,NI_482,2017-12-10,8,2017
2075,NI_482,2017-12-20,-70,2017
2076,NI_482,2018-01-01,-158,2017
2077,NI_482,2018-01-10,-227,2017
2078,NI_482,2018-01-20,-333,2017
2079,NI_482,2018-02-01,-419,2017
2080,NI_482,2018-02-10,-478,2017
2081,NI_482,2018-02-20,-481,2017
2082,NI_482,2018-03-01,-295,2017
2083,NI_482,2018-03-10,-275,2017
2084,NI_482,2018-03-20,-189,2017
2085,NI_482,2018-04-01,-113,2017
2086,NI_482,2018-04-10,-36,2017
2087,NI_482,2018-04-20,28,2017
2088,NI_482,2018-05-01,79,2018
2089,NI_482,2018-05-10,82,2018
2090,NI_482,2018-05-20,88,2018
2091,NI_482,2018-06-01,81,2018
2092,NI_482,2018-06-10,107,2018
2093,NI_482,2018-06-20,116,2018
2094,NI_482,2018-07-01,92,2018
2095,NI_482,2018-07-10,72,2018
2096,NI_482,2018-07-20,55,2018
2097,NI_482,2018-08-01,34,2018
2098,NI_482,2018-08-10,24,2018
2099,NI_482,2018-08-20,46,2018
2100,NI_482,2018-09-01,92,2018
2101,NI_482,2018-09-10,146,2018
2102,NI_482,2018-09-20,213,2018
2103,NI_482,2018-10-01,286,2018
2104,NI_482,2018-10-10,335,2018
2105,NI_482,2018-10-20,338,2018
2106,NI_482,2018-11-01,327,2018
2107,NI_482,2018-11-10,309,2018
2108,NI_482,2018-11-20,315,2018
2109,NI_482,2018-12-01,310,2018
2110,NI_482,2018-12-10,332,2018
2111,NI_482,2018-12-20,336,2018
2112,NI_482,2019-01-01,331,2018
2113,NI_482,2019-01-10,288,2018
2114,NI_482,2019-01-20,298,2018
2115,NI_482,2019-02-01,488,2018
2116,NI_482,2019-02-10,735,2018
2117,NI_482,2019-02-20,804,2018
2118,NI_482,2019-03-01,507,2018
2119,NI_482,2019-03-10,479,2018
2120,NI_482,2019-03-20,395,2018
2121,NI_482,2019-04-01,388,2018
2122,NI_482,2019-04-10,403,2018
2123,NI_482,2019-04-20,408,2018
2124,NI_482,2019-05-01,421,2019
2125,NI_482,2019-05-10,449,2019
2126,NI_482,2019-05-20,392,2019
2127,NI_482,2019-06-01,324,2019
2128,NI_482,2019-06-10,232,2019
2129,NI_482,2019-06-20,174,2019
2130,NI_482,2019-07-01,165,2019
2131,NI_482,2019-07-10,188,2019
2132,NI_482,2019-07-20,125,2019
2133,NI_482,2019-08-01,-63,2019
2134,NI_482,2019-08-10,-215,2019
2135,NI_482,2019-08-20,-247,2019
2136,NI_482,2019-09-01,-225,2019
2137,NI_482,2019-09-10,-191,2019
2138,NI_482,2019-09-20,-139,2019
2139,NI_482,2019-10-01,-92,2019
2140,NI_482,2019-10-10,-114,2019
2141,NI_482,2019-10-20,-173,2019
2142,NI_482,2019-11-01,-182,2019
2143,NI_482,2019-11-10,-271,2019
2144,NI_482,2019-11-20,-664,2019
2145,NI_482,2019-12-01,-1024,2019
2146,NI_482,2019-12-10,-1193,2019
2147,NI_482,2019-12-20,-1165,2019
2148,NI_482,2020-01-01,-1059,2019
2149,NI_482,2020-01-10,-854,2019
2150,NI_482,2020-01-20,-574,2019
2151,NI_482,2020-02-01,-375,2019
2152,NI_482,2020-02-10,-255,2019
2153,NI_482,2020-02-20,-108,2019
2154,NI_482,2020-03-01,-4,2019
2155,NI_482,2020-03-10,74,2019
2156,NI_482,2020-03-20,160,2019
2157,NI_482,2020-04-01,199,2019
2158,NI_482,2020-04-10,144,2019
2159,NI_482,2020-04-20,109,2019
2160,NI_599,2016-05-01,84,2016
2161,NI_599,2016-05-10,94,2016
2162,NI_599,2016-05-20,96,2016
2163,NI_599,2016-06-01,92,2016
2164,NI_599,2016-06-10,79,2016
2165,NI_599,2016-06-20,68,2016
2166,NI_599,2016-07-01,56,2016
2167,NI_599,2016-07-10,50,2016
2168,NI_599,2016-07-20,42,2016
2169,NI_599,2016-08-01,34,2016
2170,NI_599,2016-08-10,31,2016
2171,NI_599,2016-08-20,22,2016
2172,NI_599,2016-09-01,16,2016
2173,NI_599,2016-09-10,23,2016
2174,NI_599,2016-09-20,24,2016
2175,NI_599,2016-10-01,39,2016
2176,NI_599,2016-10-10,49,2016
2177,NI_599,2016-10-20,24,2016
2178,NI_599,2016-11-01,-22,2016
2179,NI_599,2016-11-10,-67,2016
2180,NI_599,2016-11-20,-111,2016
2181,NI_599,2016-12-01,-159,2016
2182,NI_599,2016-12-10,-152,2016
2183,NI_599,2016-12-20,-103,2016
2184,NI_599,2017-01-01,-63,2016
2185,NI_599,2017-01-10,-48,2016
2186,NI_599,2017-01-20,-30,2016
2187,NI_599,2017-02-01,5,2016
2188,NI_599,2017-02-10,61,2016
2189,NI_599,2017-02-20,84,2016
2190,NI_599,2017-03-01,130,2016
2191,NI_599,2017-03-10,134,2016
2192,NI_599,2017-03-20,137,2016
2193,NI_599,2017-04-01,138,2016
2194,NI_599,2017-04-10,139,2016
2195,NI_599,2017-04-20,138,2016
2196,NI_599,2017-05-01,136,2017
2197,NI_599,2017-05-10,140,2017
2198,NI_599,2017-05-20,154,2017
2199,NI_599,2017-06-01,167,2017
2200,NI_599,2017-06-10,174,2017
2201,NI_599,2017-06-20,191,2017
2202,NI_599,2017-07-01,188,2017
2203,NI_599,2017-07-10,181,2017
2204,NI_599,2017-07-20,149,2017
2205,NI_599,2017-08-01,124,2017
2206,NI_599,2017-08-10,109,2017
2207,NI_599,2017-08-20,98,2017
2208,NI_599,2017-09-01,84,2017
2209,NI_599,2017-09-10,73,2017
2210,NI_599,2017-09-20,62,2017
2211,NI_599,2017-10-01,51,2017
2212,NI_599,2017-10-10,40,2017
2213,NI_599,2017-10-20,54,2017
2214,NI_599,2017-11-01,96,2017
2215,NI_599,2017-11-10,136,2017
2216,NI_599,2017-11-20,184,2017
2217,NI_599,2017-12-01,266,2017
2218,NI_599,2017-12-10,324,2017
2219,NI_599,2017-12-20,303,2017
2220,NI_599,2018-01-01,214,2017
2221,NI_599,2018-01-10,145,2017
2222,NI_599,2018-01-20,120,2017
2223,NI_599,2018-02-01,135,2017
2224,NI_599,2018-02-10,136,2017
2225,NI_599,2018-02-20,216,2017
2226,NI_599,2018-03-01,243,2017
2227,NI_599,2018-03-10,215,2017
2228,NI_599,2018-03-20,211,2017
2229,NI_599,2018-04-01,198,2017
2230,NI_599,2018-04-10,184,2017
2231,NI_599,2018-04-20,157,2017
2232,NI_599,2018-05-01,122,2018
2233,NI_599,2018-05-10,82,2018
2234,NI_599,2018-05-20,29,2018
2235,NI_599,2018-06-01,-19,2018
2236,NI_599,2018-06-10,-86,2018
2237,NI_599,2018-06-20,-126,2018
2238,NI_599,2018-07-01,-170,2018
2239,NI_599,2018-07-10,-214,2018
2240,NI_599,2018-07-20,-215,2018
2241,NI_599,2018-08-01,-199,2018
2242,NI_599,2018-08-10,-154,2018
2243,NI_599,2018-08-20,-107,2018
2244,NI_599,2018-09-01,-54,2018
2245,NI_599,2018-09-10,-7,2018
2246,NI_599,2018-09-20,49,2018
2247,NI_599,2018-10-01,81,2018
2248,NI_599,2018-10-10,63,2018
2249,NI_599,2018-10-20,44,2018
2250,NI_599,2018-11-01,14,2018
2251,NI_599,2018-11-10,-109,2018
2252,NI_599,2018-11-20,-330,2018
2253,NI_599,2018-12-01,-456,2018
2254,NI_599,2018-12-10,-455,2018
2255,NI_599,2018-12-20,-288,2018
2256,NI_599,2019-01-01,-70,2018
2257,NI_599,2019-01-10,39,2018
2258,NI_599,2019-01-20,173,2018
2259,NI_599,2019-02-01,118,2018
2260,NI_599,2019-02-10,30,2018
2261,NI_599,2019-02-20,-21,2018
2262,NI_599,2019-03-01,-19,2018
2263,NI_599,2019-03-10,-30,2018
2264,NI_599,2019-03-20,-20,2018
2265,NI_599,2019-04-01,-4,2018
2266,NI_599,2019-04-10,9,2018
2267,NI_599,2019-04-20,22,2018
2268,NI_599,2019-05-01,24,2019
2269,NI_599,2019-05-10,29,2019
2270,NI_599,2019-05-20,26,2019
2271,NI_599,2019-06-01,39,2019
2272,NI_599,2019-06-10,17,2019
2273,NI_599,2019-06-20,-11,2019
2274,NI_599,2019-07-01,-43,2019
2275,NI_599,2019-07-10,17,2019
2276,NI_599,2019-07-20,45,2019
2277,NI_599,2019-08-01,-17,2019
2278,NI_599,2019-08-10,-26,2019
2279,NI_599,2019-08-20,-21,2019
2280,NI_599,2019-09-01,-20,2019
2281,NI_599,2019-09-10,-7,2019
2282,NI_599,2019-09-20,-7,2019
2283,NI_599,2019-10-01,-47,2019
2284,NI_599,2019-10-10,-140,2019
2285,NI_599,2019-10-20,-216,2019
2286,NI_599,2019-11-01,-268,2019
2287,NI_599,2019-11-10,-386,2019
2288,NI_599,2019-11-20,-296,2019
2289,NI_599,2019-12-01,-112,2019
2290,NI_599,2019-12-10,-81,2019
2291,NI_599,2019-12-20,-45,2019
2292,NI_599,2020-01-01,4,2019
2293,NI_599,2020-01-10,10,2019
2294,NI_599,2020-01-20,-22,2019
2295,NI_599,2020-02-01,-39,2019
2296,NI_599,2020-02-10,-59,2019
2297,NI_599,2020-02-20,-58,2019
2298,NI_599,2020-03-01,-69,2019
2299,NI_599,2020-03-10,-30,2019
2300,NI_599,2020-03-20,41,2019
2301,NI_599,2020-04-01,103,2019
2302,NI_599,2020-04-10,158,2019
2303,NI_599,2020-04-20,212,2019
2304,NI_634,2016-05-01,-260,2016
2305,NI_634,2016-05-10,-223,2016
2306,NI_634,2016-05-20,-196,2016
2307,NI_634,2016-06-01,-100,2016
2308,NI_634,2016-06-10,-14,2016
2309,NI_634,2016-06-20,30,2016
2310,NI_634,2016-07-01,95,2016
2311,NI_634,2016-07-10,102,2016
2312,NI_634,2016-07-20,97,2016
2313,NI_634,2016-08-01,73,2016
2314,NI_634,2016-08-10,15,2016
2315,NI_634,2016-08-20,-48,2016
2316,NI_634,2016-09-01,-111,2016
2317,NI_634,2016-09-10,-171,2016
2318,NI_634,2016-09-20,-203,2016
2319,NI_634,2016-10-01,-256,2016
2320,NI_634,2016-10-10,-335,2016
2321,NI_634,2016-10-20,-347,2016
2322,NI_634,2016-11-01,-291,2016
2323,NI_634,2016-11-10,-143,2016
2324,NI_634,2016-11-20,41,2016
2325,NI_634,2016-12-01,148,2016
2326,NI_634,2016-12-10,93,2016
2327,NI_634,2016-12-20,-20,2016
2328,NI_634,2017-01-01,-77,2016
2329,NI_634,2017-01-10,-128,2016
2330,NI_634,2017-01-20,-205,2016
2331,NI_634,2017-02-01,-261,2016
2332,NI_634,2017-02-10,-253,2016
2333,NI_634,2017-02-20,-332,2016
2334,NI_634,2017-03-01,-375,2016
2335,NI_634,2017-03-10,-374,2016
2336,NI_634,2017-03-20,-286,2016
2337,NI_634,2017-04-01,-192,2016
2338,NI_634,2017-04-10,-159,2016
2339,NI_634,2017-04-20,-119,2016
2340,NI_634,2017-05-01,-54,2017
2341,NI_634,2017-05-10,21,2017
2342,NI_634,2017-05-20,31,2017
2343,NI_634,2017-06-01,83,2017
2344,NI_634,2017-06-10,115,2017
2345,NI_634,2017-06-20,110,2017
2346,NI_634,2017-07-01,140,2017
2347,NI_634,2017-07-10,149,2017
2348,NI_634,2017-07-20,155,2017
2349,NI_634,2017-08-01,142,2017
2350,NI_634,2017-08-10,113,2017
2351,NI_634,2017-08-20,109,2017
2352,NI_634,2017-09-01,249,2017
2353,NI_634,2017-09-10,313,2017
2354,NI_634,2017-09-20,351,2017
2355,NI_634,2017-10-01,352,2017
2356,NI_634,2017-10-10,352,2017
2357,NI_634,2017-10-20,336,2017
2358,NI_634,2017-11-01,340,2017
2359,NI_634,2017-11-10,293,2017
2360,NI_634,2017-11-20,240,2017
2361,NI_634,2017-12-01,237,2017
2362,NI_634,2017-12-10,250,2017
2363,NI_634,2017-12-20,285,2017
2364,NI_634,2018-01-01,416,2017
2365,NI_634,2018-01-10,598,2017
2366,NI_634,2018-01-20,753,2017
2367,NI_634,2018-02-01,836,2017
2368,NI_634,2018-02-10,846,2017
2369,NI_634,2018-02-20,820,2017
2370,NI_634,2018-03-01,701,2017
2371,NI_634,2018-03-10,640,2017
2372,NI_634,2018-03-20,469,2017
2373,NI_634,2018-04-01,200,2017
2374,NI_634,2018-04-10,-92,2017
2375,NI_634,2018-04-20,-261,2017
2376,NI_634,2018-05-01,-291,2018
2377,NI_634,2018-05-10,-188,2018
2378,NI_634,2018-05-20,-114,2018
2379,NI_634,2018-06-01,-66,2018
2380,NI_634,2018-06-10,-43,2018
2381,NI_634,2018-06-20,-32,2018
2382,NI_634,2018-07-01,48,2018
2383,NI_634,2018-07-10,154,2018
2384,NI_634,2018-07-20,172,2018
2385,NI_634,2018-08-01,155,2018
2386,NI_634,2018-08-10,107,2018
2387,NI_634,2018-08-20,93,2018
2388,NI_634,2018-09-01,66,2018
2389,NI_634,2018-09-10,150,2018
2390,NI_634,2018-09-20,318,2018
2391,NI_634,2018-10-01,548,2018
2392,NI_634,2018-10-10,780,2018
2393,NI_634,2018-10-20,895,2018
2394,NI_634,2018-11-01,911,2018
2395,NI_634,2018-11-10,841,2018
2396,NI_634,2018-11-20,681,2018
2397,NI_634,2018-12-01,305,2018
2398,NI_634,2018-12-10,-63,2018
2399,NI_634,2018-12-20,-261,2018
2400,NI_634,2019-01-01,-308,2018
2401,NI_634,2019-01-10,-296,2018
2402,NI_634,2019-01-20,-168,2018
2403,NI_634,2019-02-01,9,2018
2404,NI_634,2019-02-10,194,2018
2405,NI_634,2019-02-20,353,2018
2406,NI_634,2019-03-01,453,2018
2407,NI_634,2019-03-10,275,2018
2408,NI_634,2019-03-20,157,2018
2409,NI_634,2019-04-01,99,2018
2410,NI_634,2019-04-10,82,2018
2411,NI_634,2019-04-20,77,2018
2412,NI_634,2019-05-01,67,2019
2413,NI_634,2019-05-10,79,2019
2414,NI_634,2019-05-20,42,2019
2415,NI_634,2019-06-01,5,2019
2416,NI_634,2019-06-10,-18,2019
2417,NI_634,2019-06-20,-102,2019
2418,NI_634,2019-07-01,-160,2019
2419,NI_634,2019-07-10,-220,2019
2420,NI_634,2019-07-20,-254,2019
2421,NI_634,2019-08-01,-270,2019
2422,NI_634,2019-08-10,-301,2019
2423,NI_634,2019-08-20,-307,2019
2424,NI_634,2019-09-01,-230,2019
2425,NI_634,2019-09-10,-144,2019
2426,NI_634,2019-09-20,-114,2019
2427,NI_634,2019-10-01,-126,2019
2428,NI_634,2019-10-10,-56,2019
2429,NI_634,2019-10-20,79,2019
2430,NI_634,2019-11-01,164,2019
2431,NI_634,2019-11-10,200,2019
2432,NI_634,2019-11-20,168,2019
2433,NI_634,2019-12-01,39,2019
2434,NI_634,2019-12-10,-186,2019
2435,NI_634,2019-12-20,-473,2019
2436,NI_634,2020-01-01,-740,2019
2437,NI_634,2020-01-10,-947,2019
2438,NI_634,2020-01-20,-841,2019
2439,NI_634,2020-02-01,-522,2019
2440,NI_634,2020-02-10,-318,2019
2441,NI_634,2020-02-20,-234,2019
2442,NI_634,2020-03-01,-226,2019
2443,NI_634,2020-03-10,-297,2019
2444,NI_634,2020-03-20,-253,2019
2445,NI_634,2020-04-01,-159,2019
2446,NI_634,2020-04-10,-54,2019
2447,NI_634,2020-04-20,81,2019
2448,NI_698,2016-05-01,50,2016
2449,NI_698,2016-05-10,15,2016
2450,NI_698,2016-05-20,-34,2016
2451,NI_698,2016-06-01,-69,2016
2452,NI_698,2016-06-10,-109,2016
2453,NI_698,2016-06-20,-120,2016
2454,NI_698,2016-07-01,-145,2016
2455,NI_698,2016-07-10,-153,2016
2456,NI_698,2016-07-20,-152,2016
2457,NI_698,2016-08-01,-142,2016
2458,NI_698,2016-08-10,-127,2016
2459,NI_698,2016-08-20,-116,2016
2460,NI_698,2016-09-01,-101,2016
2461,NI_698,2016-09-10,-78,2016
2462,NI_698,2016-09-20,-58,2016
2463,NI_698,2016-10-01,-43,2016
2464,NI_698,2016-10-10,-37,2016
2465,NI_698,2016-10-20,-23,2016
2466,NI_698,2016-11-01,-3,2016
2467,NI_698,2016-11-10,33,2016
2468,NI_698,2016-11-20,20,2016
2469,NI_698,2016-12-01,-12,2016
2470,NI_698,2016-12-10,-34,2016
2471,NI_698,2016-12-20,-17,2016
2472,NI_698,2017-01-01,17,2016
2473,NI_698,2017-01-10,50,2016
2474,NI_698,2017-01-20,50,2016
2475,NI_698,2017-02-01,97,2016
2476,NI_698,2017-02-10,109,2016
2477,NI_698,2017-02-20,113,2016
2478,NI_698,2017-03-01,95,2016
2479,NI_698,2017-03-10,97,2016
2480,NI_698,2017-03-20,102,2016
2481,NI_698,2017-04-01,112,2016
2482,NI_698,2017-04-10,27,2016
2483,NI_698,2017-04-20,-49,2016
2484,NI_698,2017-05-01,-114,2017
2485,NI_698,2017-05-10,-180,2017
2486,NI_698,2017-05-20,-186,2017
2487,NI_698,2017-06-01,-126,2017
2488,NI_698,2017-06-10,-41,2017
2489,NI_698,2017-06-20,47,2017
2490,NI_698,2017-07-01,147,2017
2491,NI_698,2017-07-10,247,2017
2492,NI_698,2017-07-20,342,2017
2493,NI_698,2017-08-01,392,2017
2494,NI_698,2017-08-10,392,2017
2495,NI_698,2017-08-20,326,2017
2496,NI_698,2017-09-01,215,2017
2497,NI_698,2017-09-10,100,2017
2498,NI_698,2017-09-20,13,2017
2499,NI_698,2017-10-01,-18,2017
2500,NI_698,2017-10-10,-45,2017
2501,NI_698,2017-10-20,-102,2017
2502,NI_698,2017-11-01,-191,2017
2503,NI_698,2017-11-10,-219,2017
2504,NI_698,2017-11-20,-198,2017
2505,NI_698,2017-12-01,-152,2017
2506,NI_698,2017-12-10,-110,2017
2507,NI_698,2017-12-20,-120,2017
2508,NI_698,2018-01-01,-149,2017
2509,NI_698,2018-01-10,-149,2017
2510,NI_698,2018-01-20,-124,2017
2511,NI_698,2018-02-01,-105,2017
2512,NI_698,2018-02-10,-99,2017
2513,NI_698,2018-02-20,-101,2017
2514,NI_698,2018-03-01,-112,2017
2515,NI_698,2018-03-10,-107,2017
2516,NI_698,2018-03-20,-73,2017
2517,NI_698,2018-04-01,7,2017
2518,NI_698,2018-04-10,75,2017
2519,NI_698,2018-04-20,95,2017
2520,NI_698,2018-05-01,97,2018
2521,NI_698,2018-05-10,102,2018
2522,NI_698,2018-05-20,62,2018
2523,NI_698,2018-06-01,-5,2018
2524,NI_698,2018-06-10,-74,2018
2525,NI_698,2018-06-20,-177,2018
2526,NI_698,2018-07-01,-246,2018
2527,NI_698,2018-07-10,-241,2018
2528,NI_698,2018-07-20,-138,2018
2529,NI_698,2018-08-01,0,2018
2530,NI_698,2018-08-10,105,2018
2531,NI_698,2018-08-20,239,2018
2532,NI_698,2018-09-01,317,2018
2533,NI_698,2018-09-10,356,2018
2534,NI_698,2018-09-20,371,2018
2535,NI_698,2018-10-01,401,2018
2536,NI_698,2018-10-10,436,2018
2537,NI_698,2018-10-20,475,2018
2538,NI_698,2018-11-01,649,2018
2539,NI_698,2018-11-10,777,2018
2540,NI_698,2018-11-20,767,2018
2541,NI_698,2018-12-01,472,2018
2542,NI_698,2018-12-10,71,2018
2543,NI_698,2018-12-20,-360,2018
2544,NI_698,2019-01-01,-582,2018
2545,NI_698,2019-01-10,-448,2018
2546,NI_698,2019-01-20,-218,2018
2547,NI_698,2019-02-01,13,2018
2548,NI_698,2019-02-10,260,2018
2549,NI_698,2019-02-20,350,2018
2550,NI_698,2019-03-01,330,2018
2551,NI_698,2019-03-10,337,2018
2552,NI_698,2019-03-20,312,2018
2553,NI_698,2019-04-01,297,2018
2554,NI_698,2019-04-10,286,2018
2555,NI_698,2019-04-20,274,2018
2556,NI_698,2019-05-01,250,2019
2557,NI_698,2019-05-10,223,2019
2558,NI_698,2019-05-20,170,2019
2559,NI_698,2019-06-01,130,2019
2560,NI_698,2019-06-10,40,2019
2561,NI_698,2019-06-20,94,2019
2562,NI_698,2019-07-01,139,2019
2563,NI_698,2019-07-10,118,2019
2564,NI_698,2019-07-20,66,2019
2565,NI_698,2019-08-01,28,2019
2566,NI_698,2019-08-10,121,2019
2567,NI_698,2019-08-20,214,2019
2568,NI_698,2019-09-01,310,2019
2569,NI_698,2019-09-10,287,2019
2570,NI_698,2019-09-20,276,2019
2571,NI_698,2019-10-01,439,2019
2572,NI_698,2019-10-10,569,2019
2573,NI_698,2019-10-20,667,2019
2574,NI_698,2019-11-01,689,2019
2575,NI_698,2019-11-10,572,2019
2576,NI_698,2019-11-20,462,2019
2577,NI_698,2019-12-01,457,2019
2578,NI_698,2019-12-10,442,2019
2579,NI_698,2019-12-20,342,2019
2580,NI_698,2020-01-01,288,2019
2581,NI_698,2020-01-10,300,2019
2582,NI_698,2020-01-20,294,2019
2583,NI_698,2020-02-01,249,2019
2584,NI_698,2020-02-10,181,2019
2585,NI_698,2020-02-20,100,2019
2586,NI_698,2020-03-01,69,2019
2587,NI_698,2020-03-10,-30,2019
2588,NI_698,2020-03-20,-142,2019
2589,NI_698,2020-04-01,-108,2019
2590,NI_698,2020-04-10,89,2019
2591,NI_698,2020-04-20,190,2019
2592,NI_581,2016-05-01,24,2016
2593,NI_581,2016-05-10,2,2016
2594,NI_581,2016-05-20,-26,2016
2595,NI_581,2016-06-01,-56,2016
2596,NI_581,2016-06-10,-95,2016
2597,NI_581,2016-06-20,-154,2016
2598,NI_581,2016-07-01,-180,2016
2599,NI_581,2016-07-10,-126,2016
2600,NI_581,2016-07-20,-122,2016
2601,NI_581,2016-08-01,-122,2016
2602,NI_581,2016-08-10,-121,2016
2603,NI_581,2016-08-20,-123,2016
2604,NI_581,2016-09-01,-125,2016
2605,NI_581,2016-09-10,-123,2016
2606,NI_581,2016-09-20,-103,2016
2607,NI_581,2016-10-01,-66,2016
2608,NI_581,2016-10-10,-34,2016
2609,NI_581,2016-10-20,8,2016
2610,NI_581,2016-11-01,91,2016
2611,NI_581,2016-11-10,125,2016
2612,NI_581,2016-11-20,98,2016
2613,NI_581,2016-12-01,46,2016
2614,NI_581,2016-12-10,-17,2016
2615,NI_581,2016-12-20,-86,2016
2616,NI_581,2017-01-01,-87,2016
2617,NI_581,2017-01-10,8,2016
2618,NI_581,2017-01-20,130,2016
2619,NI_581,2017-02-01,234,2016
2620,NI_581,2017-02-10,325,2016
2621,NI_581,2017-02-20,322,2016
2622,NI_581,2017-03-01,336,2016
2623,NI_581,2017-03-10,334,2016
2624,NI_581,2017-03-20,272,2016
2625,NI_581,2017-04-01,145,2016
2626,NI_581,2017-04-10,-24,2016
2627,NI_581,2017-04-20,-180,2016
2628,NI_581,2017-05-01,-240,2017
2629,NI_581,2017-05-10,-326,2017
2630,NI_581,2017-05-20,-408,2017
2631,NI_581,2017-06-01,-458,2017
2632,NI_581,2017-06-10,-470,2017
2633,NI_581,2017-06-20,-427,2017
2634,NI_581,2017-07-01,-345,2017
2635,NI_581,2017-07-10,-254,2017
2636,NI_581,2017-07-20,-119,2017
2637,NI_581,2017-08-01,24,2017
2638,NI_581,2017-08-10,18,2017
2639,NI_581,2017-08-20,-54,2017
2640,NI_581,2017-09-01,-204,2017
2641,NI_581,2017-09-10,-260,2017
2642,NI_581,2017-09-20,-260,2017
2643,NI_581,2017-10-01,-220,2017
2644,NI_581,2017-10-10,-210,2017
2645,NI_581,2017-10-20,-150,2017
2646,NI_581,2017-11-01,-65,2017
2647,NI_581,2017-11-10,36,2017
2648,NI_581,2017-11-20,89,2017
2649,NI_581,2017-12-01,-45,2017
2650,NI_581,2017-12-10,-183,2017
2651,NI_581,2017-12-20,-235,2017
2652,NI_581,2018-01-01,-217,2017
2653,NI_581,2018-01-10,-174,2017
2654,NI_581,2018-01-20,-80,2017
2655,NI_581,2018-02-01,26,2017
2656,NI_581,2018-02-10,182,2017
2657,NI_581,2018-02-20,267,2017
2658,NI_581,2018-03-01,358,2017
2659,NI_581,2018-03-10,357,2017
2660,NI_581,2018-03-20,351,2017
2661,NI_581,2018-04-01,238,2017
2662,NI_581,2018-04-10,101,2017
2663,NI_581,2018-04-20,-51,2017
2664,NI_581,2018-05-01,-242,2018
2665,NI_581,2018-05-10,-396,2018
2666,NI_581,2018-05-20,-424,2018
2667,NI_581,2018-06-01,-415,2018
2668,NI_581,2018-06-10,-427,2018
2669,NI_581,2018-06-20,-380,2018
2670,NI_581,2018-07-01,-306,2018
2671,NI_581,2018-07-10,-230,2018
2672,NI_581,2018-07-20,-173,2018
2673,NI_581,2018-08-01,-175,2018
2674,NI_581,2018-08-10,-60,2018
2675,NI_581,2018-08-20,-6,2018
2676,NI_581,2018-09-01,7,2018
2677,NI_581,2018-09-10,-90,2018
2678,NI_581,2018-09-20,-149,2018
2679,NI_581,2018-10-01,-194,2018
2680,NI_581,2018-10-10,-253,2018
2681,NI_581,2018-10-20,-374,2018
2682,NI_581,2018-11-01,-554,2018
2683,NI_581,2018-11-10,-638,2018
2684,NI_581,2018-11-20,-765,2018
2685,NI_581,2018-12-01,-1040,2018
2686,NI_581,2018-12-10,-1198,2018
2687,NI_581,2018-12-20,-1016,2018
2688,NI_581,2019-01-01,-450,2018
2689,NI_581,2019-01-10,234,2018
2690,NI_581,2019-01-20,434,2018
2691,NI_581,2019-02-01,340,2018
2692,NI_581,2019-02-10,254,2018
2693,NI_581,2019-02-20,177,2018
2694,NI_581,2019-03-01,-510,2018
2695,NI_581,2019-03-10,-447,2018
2696,NI_581,2019-03-20,-413,2018
2697,NI_581,2019-04-01,-408,2018
2698,NI_581,2019-04-10,-398,2018
2699,NI_581,2019-04-20,-391,2018
2700,NI_581,2019-05-01,-388,2019
2701,NI_581,2019-05-10,-435,2019
2702,NI_581,2019-05-20,-367,2019
2703,NI_581,2019-06-01,-263,2019
2704,NI_581,2019-06-10,-198,2019
2705,NI_581,2019-06-20,-37,2019
2706,NI_581,2019-07-01,25,2019
2707,NI_581,2019-07-10,-90,2019
2708,NI_581,2019-07-20,-302,2019
2709,NI_581,2019-08-01,-426,2019
2710,NI_581,2019-08-10,-443,2019
2711,NI_581,2019-08-20,-383,2019
2712,NI_581,2019-09-01,-336,2019
2713,NI_581,2019-09-10,-351,2019
2714,NI_581,2019-09-20,-330,2019
2715,NI_581,2019-10-01,-221,2019
2716,NI_581,2019-10-10,-132,2019
2717,NI_581,2019-10-20,19,2019
2718,NI_581,2019-11-01,131,2019
2719,NI_581,2019-11-10,108,2019
2720,NI_581,2019-11-20,-45,2019
2721,NI_581,2019-12-01,-206,2019
2722,NI_581,2019-12-10,-313,2019
2723,NI_581,2019-12-20,-173,2019
2724,NI_581,2020-01-01,71,2019
2725,NI_581,2020-01-10,179,2019
2726,NI_581,2020-01-20,227,2019
2727,NI_581,2020-02-01,331,2019
2728,NI_581,2020-02-10,406,2019
2729,NI_581,2020-02-20,419,2019
2730,NI_581,2020-03-01,241,2019
2731,NI_581,2020-03-10,83,2019
2732,NI_581,2020-03-20,-108,2019
2733,NI_581,2020-04-01,-110,2019
2734,NI_581,2020-04-10,38,2019
2735,NI_581,2020-04-20,415,2019
